Segment,Country,Product,Discount Band,Units Sold,Manufacturing Price,Sale Price,Gross Sales,Discounts,Total Revenue,COGS,Profit,Date,Month Number,Month Name,Year
Government,Germany,Carretera,None,1513,$3.,$350.,"$5,29,550.",$0.00,"$5,29,550.","$3,93,380","$1,36,170.00",01-Dec-14,12,December,2014
Government,Germany,Paseo,None,1006,$10.,$350.,"$3,52,100.",$0.00,"$3,52,100.","$2,61,560","$90,540.00",01-Jun-14,6,June,2014
Government,Canada,Paseo,None,1725,$10.,$350.,"$6,03,750.",$0.00,"$6,03,750.","$4,48,500","$1,55,250.00",01-Nov-13,11,November,2013
Government,Germany,Paseo,None,1513,$10.,$350.,"$5,29,550.",$0.00,"$5,29,550.","$3,93,380","$1,36,170.00",01-Dec-14,12,December,2014
Government,Germany,Velo,None,1006,$120.,$350.,"$3,52,100.",$0.00,"$3,52,100.","$2,61,560","$90,540.00",01-Jun-14,6,June,2014
Government,France,VTT,None,1527,$250.,$350.,"$5,34,450.",$0.00,"$5,34,450.","$3,97,020","$1,37,430.00",01-Sep-13,9,September,2013
Government,France,Amarilla,None,2750,$260.,$350.,"$9,62,500.",$0.00,"$9,62,500.","$7,15,000","$2,47,500.00",01-Feb-14,2,February,2014
Government,Mexico,Carretera,Low,1210,$3.,$350.,"$4,23,500.","$4,235.00","$4,19,265.","$3,14,600","$1,04,665.00",01-Mar-14,3,March,2014
Government,Mexico,Carretera,Low,1397,$3.,$350.,"$4,88,950.","$4,889.50","$4,84,060.5","$3,63,220","$1,20,840.50",01-Oct-14,10,October,2014
Government,France,Carretera,Low,2155,$3.,$350.,"$7,54,250.","$7,542.50","$7,46,707.5","$5,60,300","$1,86,407.50",01-Dec-14,12,December,2014
Government,France,Paseo,Low,2155,$10.,$350.,"$7,54,250.","$7,542.50","$7,46,707.5","$5,60,300","$1,86,407.50",01-Dec-14,12,December,2014
Government,Canada,VTT,Low,943.5,$250.,$350.,"$3,30,225.","$3,302.25","$3,26,922.75","$2,45,310","$81,612.75",01-Apr-14,4,April,2014
Government,Mexico,VTT,Low,1397,$250.,$350.,"$4,88,950.","$4,889.50","$4,84,060.5","$3,63,220","$1,20,840.50",01-Oct-14,10,October,2014
Government,Canada,Carretera,Low,2852,$3.,$350.,"$9,98,200.","$19,964.00","$9,78,236.","$7,41,520","$2,36,716.00",01-Dec-14,12,December,2014
Government,Canada,Paseo,Low,2852,$10.,$350.,"$9,98,200.","$19,964.00","$9,78,236.","$7,41,520","$2,36,716.00",01-Dec-14,12,December,2014
Government,Germany,Velo,Low,2966,$120.,$350.,"$10,38,100.","$20,762.00","$10,17,338.","$7,71,160","$2,46,178.00",01-Oct-13,10,October,2013
Government,Germany,Velo,Low,2877,$120.,$350.,"$10,06,950.","$20,139.00","$9,86,811.","$7,48,020","$2,38,791.00",01-Oct-14,10,October,2014
Government,Germany,VTT,Low,2877,$250.,$350.,"$10,06,950.","$20,139.00","$9,86,811.","$7,48,020","$2,38,791.00",01-Oct-14,10,October,2014
Government,United States of America,VTT,Low,266,$250.,$350.,"$93,100.","$1,862.00","$91,238.","$69,160","$22,078.00",01-Dec-13,12,December,2013
Government,Mexico,VTT,Low,1940,$250.,$350.,"$6,79,000.","$13,580.00","$6,65,420.","$5,04,400","$1,61,020.00",01-Dec-13,12,December,2013
Government,Germany,Amarilla,Low,2966,$260.,$350.,"$10,38,100.","$20,762.00","$10,17,338.","$7,71,160","$2,46,178.00",01-Oct-13,10,October,2013
Government,Germany,Montana,Low,1797,$5.,$350.,"$6,28,950.","$18,868.50","$6,10,081.5","$4,67,220","$1,42,861.50",01-Sep-13,9,September,2013
Government,Mexico,VTT,Low,1642,$250.,$350.,"$5,74,700.","$17,241.00","$5,57,459.","$4,26,920","$1,30,539.00",01-Aug-14,8,August,2014
Government,United States of America,Carretera,Low,274,$3.,$350.,"$95,900.","$3,836.00","$92,064.","$71,240","$20,824.00",01-Dec-14,12,December,2014
Government,United States of America,Paseo,Low,3450,$10.,$350.,"$12,07,500.","$48,300.00","$11,59,200.","$8,97,000","$2,62,200.00",01-Jul-14,7,July,2014
Government,United States of America,Paseo,Low,274,$10.,$350.,"$95,900.","$3,836.00","$92,064.","$71,240","$20,824.00",01-Dec-14,12,December,2014
Government,France,Velo,Low,2177,$120.,$350.,"$7,61,950.","$30,478.00","$7,31,472.","$5,66,020","$1,65,452.00",01-Oct-14,10,October,2014
Government,United States of America,VTT,Low,349,$250.,$350.,"$1,22,150.","$4,886.00","$1,17,264.","$90,740","$26,524.00",01-Sep-13,9,September,2013
Government,France,VTT,Low,2177,$250.,$350.,"$7,61,950.","$30,478.00","$7,31,472.","$5,66,020","$1,65,452.00",01-Oct-14,10,October,2014
Government,Mexico,Amarilla,Low,1865,$260.,$350.,"$6,52,750.","$26,110.00","$6,26,640.","$4,84,900","$1,41,740.00",01-Feb-14,2,February,2014
Government,Germany,Amarilla,Low,1907,$260.,$350.,"$6,67,450.","$26,698.00","$6,40,752.","$4,95,820","$1,44,932.00",01-Sep-14,9,September,2014
Government,Canada,Amarilla,Low,1778,$260.,$350.,"$6,22,300.","$24,892.00","$5,97,408.","$4,62,280","$1,35,128.00",01-Dec-13,12,December,2013
Government,France,Montana,Medium,1384.5,$5.,$350.,"$4,84,575.","$24,228.75","$4,60,346.25","$3,59,970","$1,00,376.25",01-Jan-14,1,January,2014
Government,Mexico,Montana,Medium,720,$5.,$350.,"$2,52,000.","$12,600.00","$2,39,400.","$1,87,200","$52,200.00",01-Sep-13,9,September,2013
Government,United States of America,Paseo,Medium,602,$10.,$350.,"$2,10,700.","$10,535.00","$2,00,165.","$1,56,520","$43,645.00",01-Jun-14,6,June,2014
Government,Canada,Paseo,Medium,1228,$10.,$350.,"$4,29,800.","$21,490.00","$4,08,310.","$3,19,280","$89,030.00",01-Oct-13,10,October,2013
Government,United States of America,Velo,Medium,602,$120.,$350.,"$2,10,700.","$10,535.00","$2,00,165.","$1,56,520","$43,645.00",01-Jun-14,6,June,2014
Government,Germany,Amarilla,Medium,1350,$260.,$350.,"$4,72,500.","$23,625.00","$4,48,875.","$3,51,000","$97,875.00",01-Feb-14,2,February,2014
Government,Canada,Amarilla,Medium,552,$260.,$350.,"$1,93,200.","$9,660.00","$1,83,540.","$1,43,520","$40,020.00",01-Aug-14,8,August,2014
Government,Canada,Amarilla,Medium,1228,$260.,$350.,"$4,29,800.","$21,490.00","$4,08,310.","$3,19,280","$89,030.00",01-Oct-13,10,October,2013
Government,Mexico,Montana,Medium,980,$5.,$350.,"$3,43,000.","$20,580.00","$3,22,420.","$2,54,800","$67,620.00",01-Apr-14,4,April,2014
Government,Germany,Montana,Medium,1460,$5.,$350.,"$5,11,000.","$30,660.00","$4,80,340.","$3,79,600","$1,00,740.00",01-May-14,5,May,2014
Government,France,Paseo,Medium,1496,$10.,$350.,"$5,23,600.","$31,416.00","$4,92,184.","$3,88,960","$1,03,224.00",01-Jun-14,6,June,2014
Government,United States of America,Paseo,Medium,727,$10.,$350.,"$2,54,450.","$15,267.00","$2,39,183.","$1,89,020","$50,163.00",01-Oct-13,10,October,2013
Government,France,Velo,Medium,1496,$120.,$350.,"$5,23,600.","$31,416.00","$4,92,184.","$3,88,960","$1,03,224.00",01-Jun-14,6,June,2014
Government,France,Velo,Medium,2076,$120.,$350.,"$7,26,600.","$43,596.00","$6,83,004.","$5,39,760","$1,43,244.00",01-Oct-13,10,October,2013
Government,Mexico,Amarilla,Medium,1679,$260.,$350.,"$5,87,650.","$35,259.00","$5,52,391.","$4,36,540","$1,15,851.00",01-Sep-14,9,September,2014
Government,United States of America,Amarilla,Medium,727,$260.,$350.,"$2,54,450.","$15,267.00","$2,39,183.","$1,89,020","$50,163.00",01-Oct-13,10,October,2013
Government,France,Amarilla,Medium,2076,$260.,$350.,"$7,26,600.","$43,596.00","$6,83,004.","$5,39,760","$1,43,244.00",01-Oct-13,10,October,2013
Government,United States of America,Carretera,Medium,1761,$3.,$350.,"$6,16,350.","$43,144.50","$5,73,205.5","$4,57,860","$1,15,345.50",01-Mar-14,3,March,2014
Government,France,Amarilla,Medium,2876,$260.,$350.,"$10,06,600.","$70,462.00","$9,36,138.","$7,47,760","$1,88,378.00",01-Sep-14,9,September,2014
Government,Mexico,Carretera,Medium,1362,$3.,$350.,"$4,76,700.","$38,136.00","$4,38,564.","$3,54,120","$84,444.00",01-Dec-14,12,December,2014
Government,Germany,Paseo,Medium,2146,$10.,$350.,"$7,51,100.","$60,088.00","$6,91,012.","$5,57,960","$1,33,052.00",01-Nov-13,11,November,2013
Government,Mexico,Paseo,Medium,1362,$10.,$350.,"$4,76,700.","$38,136.00","$4,38,564.","$3,54,120","$84,444.00",01-Dec-14,12,December,2014
Government,France,VTT,Medium,574.5,$250.,$350.,"$2,01,075.","$16,086.00","$1,84,989.","$1,49,370","$35,619.00",01-Apr-14,4,April,2014
Government,France,VTT,Medium,381,$250.,$350.,"$1,33,350.","$10,668.00","$1,22,682.","$99,060","$23,622.00",01-Aug-14,8,August,2014
Government,Germany,VTT,Medium,422,$250.,$350.,"$1,47,700.","$11,816.00","$1,35,884.","$1,09,720","$26,164.00",01-Aug-14,8,August,2014
Government,France,Montana,Medium,1666,$5.,$350.,"$5,83,100.","$52,479.00","$5,30,621.","$4,33,160","$97,461.00",01-May-14,5,May,2014
Government,Mexico,Paseo,Medium,2417,$10.,$350.,"$8,45,950.","$76,135.50","$7,69,814.5","$6,28,420","$1,41,394.50",01-Jan-14,1,January,2014
Government,Germany,Velo,Medium,1307,$120.,$350.,"$4,57,450.","$41,170.50","$4,16,279.5","$3,39,820","$76,459.50",01-Jul-14,7,July,2014
Government,Canada,Velo,Medium,1269,$120.,$350.,"$4,44,150.","$39,973.50","$4,04,176.5","$3,29,940","$74,236.50",01-Oct-14,10,October,2014
Government,United States of America,VTT,Medium,1351.5,$250.,$350.,"$4,73,025.","$42,572.25","$4,30,452.75","$3,51,390","$79,062.75",01-Apr-14,4,April,2014
Government,United States of America,Amarilla,Medium,2071,$260.,$350.,"$7,24,850.","$65,236.50","$6,59,613.5","$5,38,460","$1,21,153.50",01-Sep-14,9,September,2014
Government,Canada,Amarilla,Medium,1269,$260.,$350.,"$4,44,150.","$39,973.50","$4,04,176.5","$3,29,940","$74,236.50",01-Oct-14,10,October,2014
Government,United States of America,Montana,High,2313,$5.,$350.,"$8,09,550.","$80,955.00","$7,28,595.","$6,01,380","$1,27,215.00",01-May-14,5,May,2014
Government,France,Velo,High,639,$120.,$350.,"$2,23,650.","$22,365.00","$2,01,285.","$1,66,140","$35,145.00",01-Jul-14,7,July,2014
Government,United States of America,VTT,High,2807,$250.,$350.,"$9,82,450.","$98,245.00","$8,84,205.","$7,29,820","$1,54,385.00",01-Aug-14,8,August,2014
Government,Germany,VTT,High,1870,$250.,$350.,"$6,54,500.","$65,450.00","$5,89,050.","$4,86,200","$1,02,850.00",01-Dec-13,12,December,2013
Government,Canada,Amarilla,High,2240,$260.,$350.,"$7,84,000.","$78,400.00","$7,05,600.","$5,82,400","$1,23,200.00",01-Feb-14,2,February,2014
Government,Canada,Amarilla,High,707,$260.,$350.,"$2,47,450.","$24,745.00","$2,22,705.","$1,83,820","$38,885.00",01-Sep-14,9,September,2014
Government,Germany,Carretera,High,792,$3.,$350.,"$2,77,200.","$30,492.00","$2,46,708.","$2,05,920","$40,788.00",01-Mar-14,3,March,2014
Government,Germany,Montana,High,766,$5.,$350.,"$2,68,100.","$29,491.00","$2,38,609.","$1,99,160","$39,449.00",01-Jan-14,1,January,2014
Government,Canada,Paseo,High,2104.5,$10.,$350.,"$7,36,575.","$81,023.25","$6,55,551.75","$5,47,170","$1,08,381.75",01-Jul-14,7,July,2014
Government,Mexico,Velo,High,344,$120.,$350.,"$1,20,400.","$13,244.00","$1,07,156.","$89,440","$17,716.00",01-Oct-13,10,October,2013
Government,Mexico,Amarilla,High,344,$260.,$350.,"$1,20,400.","$13,244.00","$1,07,156.","$89,440","$17,716.00",01-Oct-13,10,October,2013
Government,Mexico,Carretera,High,886,$3.,$350.,"$3,10,100.","$37,212.00","$2,72,888.","$2,30,360","$42,528.00",01-Jun-14,6,June,2014
Government,Mexico,Paseo,High,886,$10.,$350.,"$3,10,100.","$37,212.00","$2,72,888.","$2,30,360","$42,528.00",01-Jun-14,6,June,2014
Government,France,Paseo,High,1594,$10.,$350.,"$5,57,900.","$66,948.00","$4,90,952.","$4,14,440","$76,512.00",01-Nov-14,11,November,2014
Government,Mexico,Paseo,High,1197,$10.,$350.,"$4,18,950.","$50,274.00","$3,68,676.","$3,11,220","$57,456.00",01-Nov-14,11,November,2014
Government,Mexico,Velo,High,1395,$120.,$350.,"$4,88,250.","$58,590.00","$4,29,660.","$3,62,700","$66,960.00",01-Jul-14,7,July,2014
Government,United States of America,Velo,High,986,$120.,$350.,"$3,45,100.","$41,412.00","$3,03,688.","$2,56,360","$47,328.00",01-Oct-14,10,October,2014
Government,Canada,VTT,High,623,$250.,$350.,"$2,18,050.","$26,166.00","$1,91,884.","$1,61,980","$29,904.00",01-Sep-13,9,September,2013
Government,United States of America,VTT,High,986,$250.,$350.,"$3,45,100.","$41,412.00","$3,03,688.","$2,56,360","$47,328.00",01-Oct-14,10,October,2014
Government,United States of America,Amarilla,High,270,$260.,$350.,"$94,500.","$11,340.00","$83,160.","$70,200","$12,960.00",01-Feb-14,2,February,2014
Government,Canada,Carretera,High,923,$3.,$350.,"$3,23,050.","$41,996.50","$2,81,053.5","$2,39,980","$41,073.50",01-Mar-14,3,March,2014
Government,France,Carretera,High,1790,$3.,$350.,"$6,26,500.","$81,445.00","$5,45,055.","$4,65,400","$79,655.00",01-Mar-14,3,March,2014
Government,United States of America,Montana,High,982.5,$5.,$350.,"$3,43,875.","$44,703.75","$2,99,171.25","$2,55,450","$43,721.25",01-Jan-14,1,January,2014
Government,Canada,Paseo,High,2632,$10.,$350.,"$9,21,200.","$1,19,756.00","$8,01,444.","$6,84,320","$1,17,124.00",01-Jun-14,6,June,2014
Government,Germany,Paseo,High,357,$10.,$350.,"$1,24,950.","$16,243.50","$1,08,706.5","$92,820","$15,886.50",01-Nov-14,11,November,2014
Government,Canada,Velo,High,2632,$120.,$350.,"$9,21,200.","$1,19,756.00","$8,01,444.","$6,84,320","$1,17,124.00",01-Jun-14,6,June,2014
Government,Canada,Montana,High,2227.5,$5.,$350.,"$7,79,625.","$1,09,147.50","$6,70,477.5","$5,79,150","$91,327.50",01-Jan-14,1,January,2014
Government,Germany,Montana,High,1199,$5.,$350.,"$4,19,650.","$58,751.00","$3,60,899.","$3,11,740","$49,159.00",01-Apr-14,4,April,2014
Government,Canada,Montana,High,200,$5.,$350.,"$70,000.","$9,800.00","$60,200.","$52,000","$8,200.00",01-May-14,5,May,2014
Government,Canada,Paseo,High,700,$10.,$350.,"$2,45,000.","$34,300.00","$2,10,700.","$1,82,000","$28,700.00",01-Nov-14,11,November,2014
Government,United States of America,Paseo,High,1177,$10.,$350.,"$4,11,950.","$57,673.00","$3,54,277.","$3,06,020","$48,257.00",01-Nov-14,11,November,2014
Government,France,Paseo,High,1922,$10.,$350.,"$6,72,700.","$94,178.00","$5,78,522.","$4,99,720","$78,802.00",01-Nov-13,11,November,2013
Government,France,VTT,High,1281,$250.,$350.,"$4,48,350.","$62,769.00","$3,85,581.","$3,33,060","$52,521.00",01-Dec-13,12,December,2013
Government,Mexico,Paseo,High,2851,$10.,$350.,"$9,97,850.","$1,49,677.50","$8,48,172.5","$7,41,260","$1,06,912.50",01-May-14,5,May,2014
Government,United States of America,Paseo,High,2007,$10.,$350.,"$7,02,450.","$1,05,367.50","$5,97,082.5","$5,21,820","$75,262.50",01-Nov-13,11,November,2013
Government,Mexico,Paseo,High,2151,$10.,$350.,"$7,52,850.","$1,12,927.50","$6,39,922.5","$5,59,260","$80,662.50",01-Nov-13,11,November,2013
Government,Canada,Carretera,None,1618.5,$3.,$20.,"$32,370.",$0.00,"$32,370.","$16,185","$16,185.00",01-Jan-14,1,January,2014
Government,Germany,Carretera,None,1321,$3.,$20.,"$26,420.",$0.00,"$26,420.","$13,210","$13,210.00",01-Jan-14,1,January,2014
Government,France,Montana,None,1899,$5.,$20.,"$37,980.",$0.00,"$37,980.","$18,990","$18,990.00",01-Jun-14,6,June,2014
Government,Canada,Paseo,None,292,$10.,$20.,"$5,840.",$0.00,"$5,840.","$2,920","$2,920.00",01-Feb-14,2,February,2014
Government,Canada,Paseo,None,1817,$10.,$20.,"$36,340.",$0.00,"$36,340.","$18,170","$18,170.00",01-Dec-14,12,December,2014
Government,Canada,VTT,None,1817,$250.,$20.,"$36,340.",$0.00,"$36,340.","$18,170","$18,170.00",01-Dec-14,12,December,2014
Government,France,Amarilla,None,1899,$260.,$20.,"$37,980.",$0.00,"$37,980.","$18,990","$18,990.00",01-Jun-14,6,June,2014
Government,France,Montana,Low,1375.5,$5.,$20.,"$27,510.",$275.10,"$27,234.9","$13,755","$13,479.90",01-Jul-14,7,July,2014
Government,France,Velo,Low,3864,$120.,$20.,"$77,280.",$772.80,"$76,507.2","$38,640","$37,867.20",01-Apr-14,4,April,2014
Government,United States of America,Montana,Low,1566,$5.,$20.,"$31,320.",$626.40,"$30,693.6","$15,660","$15,033.60",01-Oct-14,10,October,2014
Government,United States of America,Velo,Low,1566,$120.,$20.,"$31,320.",$626.40,"$30,693.6","$15,660","$15,033.60",01-Oct-14,10,October,2014
Government,Mexico,Velo,Low,544,$120.,$20.,"$10,880.",$217.60,"$10,662.4","$5,440","$5,222.40",01-Dec-13,12,December,2013
Government,United States of America,Amarilla,Low,1236,$260.,$20.,"$24,720.",$494.40,"$24,225.6","$12,360","$11,865.60",01-Nov-14,11,November,2014
Government,France,Amarilla,Low,941,$260.,$20.,"$18,820.",$376.40,"$18,443.6","$9,410","$9,033.60",01-Nov-14,11,November,2014
Government,Germany,Carretera,Low,2580,$3.,$20.,"$51,600.","$1,548.00","$50,052.","$25,800","$24,252.00",01-Apr-14,4,April,2014
Government,Canada,Carretera,Low,831,$3.,$20.,"$16,620.",$498.60,"$16,121.4","$8,310","$7,811.40",01-May-14,5,May,2014
Government,Canada,Velo,Low,3850.5,$120.,$20.,"$77,010.","$2,310.30","$74,699.7","$38,505","$36,194.70",01-Apr-14,4,April,2014
Government,United States of America,Velo,Low,736,$120.,$20.,"$14,720.",$588.80,"$14,131.2","$7,360","$6,771.20",01-Sep-13,9,September,2013
Government,Canada,Paseo,Low,2074,$10.,$20.,"$41,480.","$1,659.20","$39,820.8","$20,740","$19,080.80",01-Sep-14,9,September,2014
Government,United States of America,Paseo,Low,1056,$10.,$20.,"$21,120.",$844.80,"$20,275.2","$10,560","$9,715.20",01-Sep-14,9,September,2014
Government,Canada,Velo,Low,2646,$120.,$20.,"$52,920.","$2,116.80","$50,803.2","$26,460","$24,343.20",01-Sep-13,9,September,2013
Government,France,Carretera,Medium,1563,$3.,$20.,"$31,260.","$1,563.00","$29,697.","$15,630","$14,067.00",01-May-14,5,May,2014
Government,France,Paseo,Medium,1303,$10.,$20.,"$26,060.","$1,303.00","$24,757.","$13,030","$11,727.00",01-Feb-14,2,February,2014
Government,Canada,Paseo,Medium,1389,$10.,$20.,"$27,780.","$1,389.00","$26,391.","$13,890","$12,501.00",01-Oct-13,10,October,2013
Government,Canada,Paseo,Medium,1802,$10.,$20.,"$36,040.","$1,802.00","$34,238.","$18,020","$16,218.00",01-Dec-13,12,December,2013
Government,United States of America,Paseo,Medium,2663,$10.,$20.,"$53,260.","$2,663.00","$50,597.","$26,630","$23,967.00",01-Dec-14,12,December,2014
Government,United States of America,Velo,Medium,2832,$120.,$20.,"$56,640.","$2,832.00","$53,808.","$28,320","$25,488.00",01-Aug-14,8,August,2014
Government,France,Velo,Medium,1579,$120.,$20.,"$31,580.","$1,579.00","$30,001.","$15,790","$14,211.00",01-Aug-14,8,August,2014
Government,France,Velo,Medium,1033,$120.,$20.,"$20,660.","$1,033.00","$19,627.","$10,330","$9,297.00",01-Dec-13,12,December,2013
Government,Canada,VTT,Medium,1389,$250.,$20.,"$27,780.","$1,389.00","$26,391.","$13,890","$12,501.00",01-Oct-13,10,October,2013
Government,United States of America,VTT,Medium,1265,$250.,$20.,"$25,300.","$1,265.00","$24,035.","$12,650","$11,385.00",01-Nov-13,11,November,2013
Government,Germany,VTT,Medium,2297,$250.,$20.,"$45,940.","$2,297.00","$43,643.","$22,970","$20,673.00",01-Nov-13,11,November,2013
Government,United States of America,VTT,Medium,2663,$250.,$20.,"$53,260.","$2,663.00","$50,597.","$26,630","$23,967.00",01-Dec-14,12,December,2014
Government,United States of America,Carretera,Medium,1117.5,$3.,$20.,"$22,350.","$1,341.00","$21,009.","$11,175","$9,834.00",01-Jan-14,1,January,2014
Government,Mexico,VTT,Medium,1123,$250.,$20.,"$22,460.","$1,347.60","$21,112.4","$11,230","$9,882.40",01-Nov-13,11,November,2013
Government,France,Montana,Medium,1757,$5.,$20.,"$35,140.","$2,108.40","$33,031.6","$17,570","$15,461.60",01-Oct-13,10,October,2013
Government,France,Paseo,Medium,1757,$10.,$20.,"$35,140.","$2,108.40","$33,031.6","$17,570","$15,461.60",01-Oct-13,10,October,2013
Government,Germany,Velo,Medium,1001,$120.,$20.,"$20,020.","$1,201.20","$18,818.8","$10,010","$8,808.80",01-Aug-14,8,August,2014
Government,Mexico,Carretera,Medium,1834,$3.,$20.,"$36,680.","$2,567.60","$34,112.4","$18,340","$15,772.40",01-Sep-13,9,September,2013
Government,France,Montana,Medium,1976,$5.,$20.,"$39,520.","$2,766.40","$36,753.6","$19,760","$16,993.60",01-Oct-14,10,October,2014
Government,France,Paseo,Medium,1535,$10.,$20.,"$30,700.","$2,149.00","$28,551.","$15,350","$13,201.00",01-Sep-14,9,September,2014
Government,Mexico,Velo,Medium,609,$120.,$20.,"$12,180.",$852.60,"$11,327.4","$6,090","$5,237.40",01-Aug-14,8,August,2014
Government,France,Velo,Medium,1976,$120.,$20.,"$39,520.","$2,766.40","$36,753.6","$19,760","$16,993.60",01-Oct-14,10,October,2014
Government,United States of America,Velo,Medium,1421,$120.,$20.,"$28,420.","$1,989.40","$26,430.6","$14,210","$12,220.60",01-Dec-13,12,December,2013
Government,Germany,Velo,Medium,588,$120.,$20.,"$11,760.",$823.20,"$10,936.8","$5,880","$5,056.80",01-Dec-13,12,December,2013
Government,Canada,Amarilla,Medium,1118,$260.,$20.,"$22,360.","$1,565.20","$20,794.8","$11,180","$9,614.80",01-Nov-14,11,November,2014
Government,United States of America,Montana,Medium,1282,$5.,$20.,"$25,640.","$2,051.20","$23,588.8","$12,820","$10,768.80",01-Jun-14,6,June,2014
Government,United States of America,Amarilla,Medium,1282,$260.,$20.,"$25,640.","$2,051.20","$23,588.8","$12,820","$10,768.80",01-Jun-14,6,June,2014
Government,Canada,Montana,Medium,708,$5.,$20.,"$14,160.","$1,132.80","$13,027.2","$7,080","$5,947.20",01-Jun-14,6,June,2014
Government,Germany,Montana,Medium,645,$5.,$20.,"$12,900.","$1,032.00","$11,868.","$6,450","$5,418.00",01-Jul-14,7,July,2014
Government,Germany,Paseo,Medium,1366,$10.,$20.,"$27,320.","$2,185.60","$25,134.4","$13,660","$11,474.40",01-Jun-14,6,June,2014
Government,Germany,Paseo,Medium,1934,$10.,$20.,"$38,680.","$3,094.40","$35,585.6","$19,340","$16,245.60",01-Sep-14,9,September,2014
Government,Mexico,Paseo,Medium,2993,$10.,$20.,"$59,860.","$4,788.80","$55,071.2","$29,930","$25,141.20",01-Sep-14,9,September,2014
Government,Canada,Amarilla,Medium,708,$260.,$20.,"$14,160.","$1,132.80","$13,027.2","$7,080","$5,947.20",01-Jun-14,6,June,2014
Government,Germany,Amarilla,Medium,1366,$260.,$20.,"$27,320.","$2,185.60","$25,134.4","$13,660","$11,474.40",01-Jun-14,6,June,2014
Government,Germany,Amarilla,Medium,1520,$260.,$20.,"$30,400.","$2,432.00","$27,968.","$15,200","$12,768.00",01-Nov-14,11,November,2014
Government,United States of America,VTT,Medium,436.5,$250.,$20.,"$8,730.",$698.40,"$8,031.6","$4,365","$3,666.60",01-Jul-14,7,July,2014
Government,Mexico,Amarilla,Medium,1694,$260.,$20.,"$33,880.","$3,049.20","$30,830.8","$16,940","$13,890.80",01-Nov-14,11,November,2014
Government,Germany,Carretera,Medium,663,$3.,$20.,"$13,260.","$1,193.40","$12,066.6","$6,630","$5,436.60",01-May-14,5,May,2014
Government,United States of America,Paseo,Medium,973,$10.,$20.,"$19,460.","$1,751.40","$17,708.6","$9,730","$7,978.60",01-Mar-14,3,March,2014
Government,Mexico,Paseo,Medium,1038,$10.,$20.,"$20,760.","$1,868.40","$18,891.6","$10,380","$8,511.60",01-Jun-14,6,June,2014
Government,France,VTT,Medium,2682,$250.,$20.,"$53,640.","$4,827.60","$48,812.4","$26,820","$21,992.40",01-Nov-13,11,November,2013
Government,Mexico,Amarilla,Medium,1038,$260.,$20.,"$20,760.","$1,868.40","$18,891.6","$10,380","$8,511.60",01-Jun-14,6,June,2014
Government,France,Paseo,High,1954,$10.,$20.,"$39,080.","$3,908.00","$35,172.","$19,540","$15,632.00",01-Mar-14,3,March,2014
Government,Germany,Paseo,High,241,$10.,$20.,"$4,820.",$482.00,"$4,338.","$2,410","$1,928.00",01-Oct-14,10,October,2014
Government,Germany,Velo,High,241,$120.,$20.,"$4,820.",$482.00,"$4,338.","$2,410","$1,928.00",01-Oct-14,10,October,2014
Government,Mexico,Amarilla,High,2039,$260.,$20.,"$40,780.","$4,078.00","$36,702.","$20,390","$16,312.00",01-May-14,5,May,2014
Government,Germany,Montana,High,2992,$5.,$20.,"$59,840.","$6,582.40","$53,257.6","$29,920","$23,337.60",01-Oct-13,10,October,2013
Government,Mexico,Paseo,High,1122,$10.,$20.,"$22,440.","$2,468.40","$19,971.6","$11,220","$8,751.60",01-Mar-14,3,March,2014
Government,Canada,Paseo,High,2394,$10.,$20.,"$47,880.","$5,266.80","$42,613.2","$23,940","$18,673.20",01-Aug-14,8,August,2014
Government,Germany,Paseo,High,2992,$10.,$20.,"$59,840.","$6,582.40","$53,257.6","$29,920","$23,337.60",01-Oct-13,10,October,2013
Government,France,Velo,High,2805,$120.,$20.,"$56,100.","$6,171.00","$49,929.","$28,050","$21,879.00",01-Sep-13,9,September,2013
Government,Canada,VTT,High,2935,$250.,$20.,"$58,700.","$6,457.00","$52,243.","$29,350","$22,893.00",01-Nov-13,11,November,2013
Government,Mexico,Amarilla,High,2629,$260.,$20.,"$52,580.","$5,783.80","$46,796.2","$26,290","$20,506.20",01-Jan-14,1,January,2014
Government,Mexico,Montana,High,1715,$5.,$20.,"$34,300.","$4,116.00","$30,184.","$17,150","$13,034.00",01-Oct-13,10,October,2013
Government,Mexico,Paseo,High,905,$10.,$20.,"$18,100.","$2,172.00","$15,928.","$9,050","$6,878.00",01-Oct-14,10,October,2014
Government,Mexico,Paseo,High,1715,$10.,$20.,"$34,300.","$4,116.00","$30,184.","$17,150","$13,034.00",01-Oct-13,10,October,2013
Government,Mexico,Paseo,High,1233,$10.,$20.,"$24,660.","$2,959.20","$21,700.8","$12,330","$9,370.80",01-Dec-14,12,December,2014
Government,Mexico,Velo,High,905,$120.,$20.,"$18,100.","$2,172.00","$15,928.","$9,050","$6,878.00",01-Oct-14,10,October,2014
Government,Mexico,VTT,High,1233,$250.,$20.,"$24,660.","$2,959.20","$21,700.8","$12,330","$9,370.80",01-Dec-14,12,December,2014
Government,France,Carretera,High,2521.5,$3.,$20.,"$50,430.","$6,051.60","$44,378.4","$25,215","$19,163.40",01-Jan-14,1,January,2014
Government,Germany,Paseo,High,1531,$10.,$20.,"$30,620.","$3,674.40","$26,945.6","$15,310","$11,635.60",01-Dec-14,12,December,2014
Government,Germany,VTT,High,1531,$250.,$20.,"$30,620.","$3,674.40","$26,945.6","$15,310","$11,635.60",01-Dec-14,12,December,2014
Government,Germany,Carretera,High,442,$3.,$20.,"$8,840.","$1,149.20","$7,690.8","$4,420","$3,270.80",01-Sep-13,9,September,2013
Government,Mexico,Montana,High,2255,$5.,$20.,"$45,100.","$5,863.00","$39,237.","$22,550","$16,687.00",01-Jul-14,7,July,2014
Government,Canada,Montana,High,1249,$5.,$20.,"$24,980.","$3,247.40","$21,732.6","$12,490","$9,242.60",01-Oct-14,10,October,2014
Government,United States of America,Paseo,High,2641,$10.,$20.,"$52,820.","$6,866.60","$45,953.4","$26,410","$19,543.40",01-Feb-14,2,February,2014
Government,Germany,Paseo,High,2708,$10.,$20.,"$54,160.","$7,040.80","$47,119.2","$27,080","$20,039.20",01-Feb-14,2,February,2014
Government,Canada,Paseo,High,1249,$10.,$20.,"$24,980.","$3,247.40","$21,732.6","$12,490","$9,242.60",01-Oct-14,10,October,2014
Government,Mexico,Carretera,High,2579,$3.,$20.,"$51,580.","$7,221.20","$44,358.8","$25,790","$18,568.80",01-Apr-14,4,April,2014
Government,United States of America,Carretera,High,1743,$3.,$20.,"$34,860.","$4,880.40","$29,979.6","$17,430","$12,549.60",01-May-14,5,May,2014
Government,Canada,Paseo,High,2428,$10.,$20.,"$48,560.","$6,798.40","$41,761.6","$24,280","$17,481.60",01-Mar-14,3,March,2014
Government,Mexico,Paseo,High,260,$10.,$20.,"$5,200.",$728.00,"$4,472.","$2,600","$1,872.00",01-Feb-14,2,February,2014
Government,United States of America,Velo,High,606,$120.,$20.,"$12,120.","$1,696.80","$10,423.2","$6,060","$4,363.20",01-Apr-14,4,April,2014
Government,Germany,Paseo,High,1158,$10.,$20.,"$23,160.","$3,474.00","$19,686.","$11,580","$8,106.00",01-Mar-14,3,March,2014
Government,United States of America,Paseo,High,267,$10.,$20.,"$5,340.",$801.00,"$4,539.","$2,670","$1,869.00",01-Oct-13,10,October,2013
Government,France,Paseo,High,293,$10.,$20.,"$5,860.",$879.00,"$4,981.","$2,930","$2,051.00",01-Dec-14,12,December,2014
Government,Canada,VTT,High,865.5,$250.,$20.,"$17,310.","$2,596.50","$14,713.5","$8,655","$6,058.50",01-Jul-14,7,July,2014
Government,United States of America,VTT,High,267,$250.,$20.,"$5,340.",$801.00,"$4,539.","$2,670","$1,869.00",01-Oct-13,10,October,2013
Government,France,VTT,High,293,$250.,$20.,"$5,860.",$879.00,"$4,981.","$2,930","$2,051.00",01-Dec-14,12,December,2014
Government,Germany,Montana,None,2146,$5.,$7.,"$15,022.",$0.00,"$15,022.","$10,730","$4,292.00",01-Sep-14,9,September,2014
Government,Mexico,Paseo,None,883,$10.,$7.,"$6,181.",$0.00,"$6,181.","$4,415","$1,766.00",01-Aug-14,8,August,2014
Government,United States of America,Paseo,None,1143,$10.,$7.,"$8,001.",$0.00,"$8,001.","$5,715","$2,286.00",01-Oct-14,10,October,2014
Government,Mexico,Velo,None,1493,$120.,$7.,"$10,451.",$0.00,"$10,451.","$7,465","$2,986.00",01-Jan-14,1,January,2014
Government,Germany,Amarilla,None,1686,$260.,$7.,"$11,802.",$0.00,"$11,802.","$8,430","$3,372.00",01-Jul-14,7,July,2014
Government,United States of America,Amarilla,None,1143,$260.,$7.,"$8,001.",$0.00,"$8,001.","$5,715","$2,286.00",01-Oct-14,10,October,2014
Government,France,Paseo,Low,3945,$10.,$7.,"$27,615.",$276.15,"$27,338.85","$19,725","$7,613.85",01-Jan-14,1,January,2014
Government,France,Paseo,Low,1030,$10.,$7.,"$7,210.",$72.10,"$7,137.9","$5,150","$1,987.90",01-May-14,5,May,2014
Government,France,Velo,Low,639,$120.,$7.,"$4,473.",$44.73,"$4,428.27","$3,195","$1,233.27",01-Nov-14,11,November,2014
Government,Canada,VTT,Low,1326,$250.,$7.,"$9,282.",$92.82,"$9,189.18","$6,630","$2,559.18",01-Mar-14,3,March,2014
Government,United States of America,Carretera,Low,2529,$3.,$7.,"$17,703.",$177.03,"$17,525.97","$12,645","$4,880.97",01-Jul-14,7,July,2014
Government,Canada,Montana,Low,1830,$5.,$7.,"$12,810.",$128.10,"$12,681.9","$9,150","$3,531.90",01-Aug-14,8,August,2014
Government,United States of America,Paseo,Low,4492.5,$10.,$7.,"$31,447.5",$314.48,"$31,133.025","$22,463","$8,670.53",01-Apr-14,4,April,2014
Government,Mexico,Velo,Low,362,$120.,$7.,"$2,534.",$25.34,"$2,508.66","$1,810",$698.66,01-May-14,5,May,2014
Government,Canada,Velo,Low,2092,$120.,$7.,"$14,644.",$146.44,"$14,497.56","$10,460","$4,037.56",01-Nov-13,11,November,2013
Government,Germany,VTT,Low,263,$250.,$7.,"$1,841.",$18.41,"$1,822.59","$1,315",$507.59,01-Mar-14,3,March,2014
Government,France,Carretera,Low,2145,$3.,$7.,"$15,015.",$300.30,"$14,714.7","$10,725","$3,989.70",01-Nov-13,11,November,2013
Government,United States of America,Paseo,Low,2013,$10.,$7.,"$14,091.",$281.82,"$13,809.18","$10,065","$3,744.18",01-Dec-13,12,December,2013
Government,Germany,Montana,Low,1958,$5.,$7.,"$13,706.",$411.18,"$13,294.82","$9,790","$3,504.82",01-Feb-14,2,February,2014
Government,France,Montana,Low,544,$5.,$7.,"$3,808.",$114.24,"$3,693.76","$2,720",$973.76,01-Sep-14,9,September,2014
Government,Mexico,Paseo,Low,1760,$10.,$7.,"$12,320.",$369.60,"$11,950.4","$8,800","$3,150.40",01-Sep-13,9,September,2013
Government,Canada,Carretera,Low,2851,$3.,$7.,"$19,957.",$798.28,"$19,158.72","$14,255","$4,903.72",01-Oct-13,10,October,2013
Government,Canada,Montana,Low,2851,$5.,$7.,"$19,957.",$798.28,"$19,158.72","$14,255","$4,903.72",01-Oct-13,10,October,2013
Government,Canada,Paseo,Low,4251,$10.,$7.,"$29,757.","$1,190.28","$28,566.72","$21,255","$7,311.72",01-Jan-14,1,January,2014
Government,Germany,Montana,Medium,1159,$5.,$7.,"$8,113.",$405.65,"$7,707.35","$5,795","$1,912.35",01-Oct-13,10,October,2013
Government,Germany,Paseo,Medium,1372,$10.,$7.,"$9,604.",$480.20,"$9,123.8","$6,860","$2,263.80",01-Jan-14,1,January,2014
Government,Canada,Paseo,Medium,2349,$10.,$7.,"$16,443.",$822.15,"$15,620.85","$11,745","$3,875.85",01-Sep-13,9,September,2013
Government,Mexico,Paseo,Medium,2689,$10.,$7.,"$18,823.",$941.15,"$17,881.85","$13,445","$4,436.85",01-Oct-14,10,October,2014
Government,Mexico,VTT,Medium,2689,$250.,$7.,"$18,823.",$941.15,"$17,881.85","$13,445","$4,436.85",01-Oct-14,10,October,2014
Government,Mexico,Amarilla,Medium,1683,$260.,$7.,"$11,781.",$589.05,"$11,191.95","$8,415","$2,776.95",01-Jul-14,7,July,2014
Government,Germany,Amarilla,Medium,1159,$260.,$7.,"$8,113.",$405.65,"$7,707.35","$5,795","$1,912.35",01-Oct-13,10,October,2013
Government,Germany,Carretera,Medium,1016,$3.,$7.,"$7,112.",$355.60,"$6,756.4","$5,080","$1,676.40",01-Nov-13,11,November,2013
Government,United States of America,Carretera,Medium,570,$3.,$7.,"$3,990.",$199.50,"$3,790.5","$2,850",$940.50,01-Dec-14,12,December,2014
Government,France,Carretera,Medium,2487,$3.,$7.,"$17,409.",$870.45,"$16,538.55","$12,435","$4,103.55",01-Dec-14,12,December,2014
Government,United States of America,Paseo,Medium,2327,$10.,$7.,"$16,289.",$814.45,"$15,474.55","$11,635","$3,839.55",01-May-14,5,May,2014
Government,France,Paseo,Medium,2136,$10.,$7.,"$14,952.",$747.60,"$14,204.4","$10,680","$3,524.40",01-Dec-13,12,December,2013
Government,United States of America,VTT,Medium,570,$250.,$7.,"$3,990.",$199.50,"$3,790.5","$2,850",$940.50,01-Dec-14,12,December,2014
Government,France,VTT,Medium,2487,$250.,$7.,"$17,409.",$870.45,"$16,538.55","$12,435","$4,103.55",01-Dec-14,12,December,2014
Government,United States of America,Carretera,Medium,263,$3.,$7.,"$1,841.",$110.46,"$1,730.54","$1,315",$415.54,01-Nov-13,11,November,2013
Government,France,Montana,Medium,1403,$5.,$7.,"$9,821.",$589.26,"$9,231.74","$7,015","$2,216.74",01-Oct-13,10,October,2013
Government,Mexico,Velo,Medium,1498,$120.,$7.,"$10,486.",$629.16,"$9,856.84","$7,490","$2,366.84",01-Jun-14,6,June,2014
Government,Mexico,VTT,Medium,1498,$250.,$7.,"$10,486.",$629.16,"$9,856.84","$7,490","$2,366.84",01-Jun-14,6,June,2014
Government,France,Amarilla,Medium,1403,$260.,$7.,"$9,821.",$589.26,"$9,231.74","$7,015","$2,216.74",01-Oct-13,10,October,2013
Government,Mexico,Velo,Medium,1333,$120.,$7.,"$9,331.",$559.86,"$8,771.14","$6,665","$2,106.14",01-Nov-14,11,November,2014
Government,France,Paseo,Medium,1031,$10.,$7.,"$7,217.",$505.19,"$6,711.81","$5,155","$1,556.81",01-Sep-13,9,September,2013
Government,Canada,Velo,Medium,1135,$120.,$7.,"$7,945.",$556.15,"$7,388.85","$5,675","$1,713.85",01-Jun-14,6,June,2014
Government,United States of America,Velo,Medium,547,$120.,$7.,"$3,829.",$268.03,"$3,560.97","$2,735",$825.97,01-Nov-14,11,November,2014
Government,Canada,Velo,Medium,1582,$120.,$7.,"$11,074.",$775.18,"$10,298.82","$7,910","$2,388.82",01-Dec-14,12,December,2014
Government,Canada,VTT,Medium,1582,$250.,$7.,"$11,074.",$775.18,"$10,298.82","$7,910","$2,388.82",01-Dec-14,12,December,2014
Government,Canada,Amarilla,Medium,1135,$260.,$7.,"$7,945.",$556.15,"$7,388.85","$5,675","$1,713.85",01-Jun-14,6,June,2014
Government,Germany,Paseo,Medium,2125,$10.,$7.,"$14,875.","$1,041.25","$13,833.75","$10,625","$3,208.75",01-Dec-13,12,December,2013
Government,Canada,Montana,Medium,488,$5.,$7.,"$3,416.",$273.28,"$3,142.72","$2,440",$702.72,01-Feb-14,2,February,2014
Government,Canada,Paseo,Medium,257,$10.,$7.,"$1,799.",$143.92,"$1,655.08","$1,285",$370.08,01-May-14,5,May,2014
Government,Germany,Paseo,Medium,1259,$10.,$7.,"$8,813.",$705.04,"$8,107.96","$6,295","$1,812.96",01-Apr-14,4,April,2014
Government,Germany,Paseo,Medium,1095,$10.,$7.,"$7,665.",$613.20,"$7,051.8","$5,475","$1,576.80",01-May-14,5,May,2014
Government,United States of America,Paseo,Medium,678,$10.,$7.,"$4,746.",$379.68,"$4,366.32","$3,390",$976.32,01-Aug-14,8,August,2014
Government,Germany,Paseo,Medium,1598,$10.,$7.,"$11,186.",$894.88,"$10,291.12","$7,990","$2,301.12",01-Aug-14,8,August,2014
Government,Germany,Paseo,Medium,2409,$10.,$7.,"$16,863.","$1,349.04","$15,513.96","$12,045","$3,468.96",01-Sep-13,9,September,2013
Government,Mexico,Paseo,Medium,1946,$10.,$7.,"$13,622.","$1,089.76","$12,532.24","$9,730","$2,802.24",01-Dec-13,12,December,2013
Government,United States of America,Velo,Medium,2907,$120.,$7.,"$20,349.","$1,627.92","$18,721.08","$14,535","$4,186.08",01-Jun-14,6,June,2014
Government,Germany,Velo,Medium,2338,$120.,$7.,"$16,366.","$1,309.28","$15,056.72","$11,690","$3,366.72",01-Jun-14,6,June,2014
Government,Germany,VTT,Medium,2338,$250.,$7.,"$16,366.","$1,309.28","$15,056.72","$11,690","$3,366.72",01-Jun-14,6,June,2014
Government,United States of America,Amarilla,Medium,2907,$260.,$7.,"$20,349.","$1,627.92","$18,721.08","$14,535","$4,186.08",01-Jun-14,6,June,2014
Government,Canada,Montana,Medium,1611,$5.,$7.,"$11,277.","$1,014.93","$10,262.07","$8,055","$2,207.07",01-Dec-13,12,December,2013
Government,Canada,Carretera,Medium,819,$3.,$7.,"$5,733.",$515.97,"$5,217.03","$4,095","$1,122.03",01-Jul-14,7,July,2014
Government,Mexico,Carretera,Medium,521,$3.,$7.,"$3,647.",$328.23,"$3,318.77","$2,605",$713.77,01-Dec-14,12,December,2014
Government,Germany,Paseo,Medium,360,$10.,$7.,"$2,520.",$226.80,"$2,293.2","$1,800",$493.20,01-Oct-14,10,October,2014
Government,Germany,VTT,Medium,360,$250.,$7.,"$2,520.",$226.80,"$2,293.2","$1,800",$493.20,01-Oct-14,10,October,2014
Government,Mexico,VTT,Medium,521,$250.,$7.,"$3,647.",$328.23,"$3,318.77","$2,605",$713.77,01-Dec-14,12,December,2014
Government,United States of America,Montana,High,2328,$5.,$7.,"$16,296.","$1,629.60","$14,666.4","$11,640","$3,026.40",01-Sep-14,9,September,2014
Government,Germany,Velo,High,2665,$120.,$7.,"$18,655.","$1,865.50","$16,789.5","$13,325","$3,464.50",01-Nov-14,11,November,2014
Government,France,Paseo,High,2532,$10.,$7.,"$17,724.","$1,949.64","$15,774.36","$12,660","$3,114.36",01-Apr-14,4,April,2014
Government,United States of America,VTT,High,1579,$250.,$7.,"$11,053.","$1,215.83","$9,837.17","$7,895","$1,942.17",01-Mar-14,3,March,2014
Government,Mexico,Carretera,High,2706,$3.,$7.,"$18,942.","$2,083.62","$16,858.38","$13,530","$3,328.38",01-Nov-13,11,November,2013
Government,Canada,Velo,High,1808,$120.,$7.,"$12,656.","$1,392.16","$11,263.84","$9,040","$2,223.84",01-Nov-14,11,November,2014
Government,United States of America,Paseo,High,380,$10.,$7.,"$2,660.",$292.60,"$2,367.4","$1,900",$467.40,01-Sep-13,9,September,2013
Government,Mexico,Montana,High,2420,$5.,$7.,"$16,940.","$2,032.80","$14,907.2","$12,100","$2,807.20",01-Sep-14,9,September,2014
Government,Canada,Montana,High,2734,$5.,$7.,"$19,138.","$2,296.56","$16,841.44","$13,670","$3,171.44",01-Oct-14,10,October,2014
Government,France,Amarilla,High,3421.5,$260.,$7.,"$23,950.5","$2,874.06","$21,076.44","$17,108","$3,968.94",01-Jul-14,7,July,2014
Government,Canada,Amarilla,High,2734,$260.,$7.,"$19,138.","$2,296.56","$16,841.44","$13,670","$3,171.44",01-Oct-14,10,October,2014
Government,France,VTT,High,1491,$250.,$7.,"$10,437.","$1,252.44","$9,184.56","$7,455","$1,729.56",01-Mar-14,3,March,2014
Government,United States of America,Montana,High,1298,$5.,$7.,"$9,086.","$1,181.18","$7,904.82","$6,490","$1,414.82",01-Feb-14,2,February,2014
Government,United States of America,Paseo,High,1438.5,$10.,$7.,"$10,069.5","$1,309.04","$8,760.465","$7,193","$1,567.97",01-Jan-14,1,January,2014
Government,France,Paseo,High,2696,$10.,$7.,"$18,872.","$2,453.36","$16,418.64","$13,480","$2,938.64",01-Aug-14,8,August,2014
Government,France,Velo,High,1190,$120.,$7.,"$8,330.","$1,082.90","$7,247.1","$5,950","$1,297.10",01-Jun-14,6,June,2014
Government,France,Amarilla,High,1190,$260.,$7.,"$8,330.","$1,082.90","$7,247.1","$5,950","$1,297.10",01-Jun-14,6,June,2014
Government,United States of America,Carretera,High,2996,$3.,$7.,"$20,972.","$2,936.08","$18,035.92","$14,980","$3,055.92",01-Oct-13,10,October,2013
Government,Germany,Carretera,High,280,$3.,$7.,"$1,960.",$274.40,"$1,685.6","$1,400",$285.60,01-Dec-14,12,December,2014
Government,France,Montana,High,293,$5.,$7.,"$2,051.",$287.14,"$1,763.86","$1,465",$298.86,01-Feb-14,2,February,2014
Government,United States of America,Montana,High,2996,$5.,$7.,"$20,972.","$2,936.08","$18,035.92","$14,980","$3,055.92",01-Oct-13,10,October,2013
Government,Germany,VTT,High,280,$250.,$7.,"$1,960.",$274.40,"$1,685.6","$1,400",$285.60,01-Dec-14,12,December,2014
Government,Canada,Montana,High,388,$5.,$7.,"$2,716.",$380.24,"$2,335.76","$1,940",$395.76,01-Sep-14,9,September,2014
Government,Mexico,Montana,High,1727,$5.,$7.,"$12,089.","$1,692.46","$10,396.54","$8,635","$1,761.54",01-Oct-13,10,October,2013
Government,France,Paseo,High,1731,$10.,$7.,"$12,117.","$1,696.38","$10,420.62","$8,655","$1,765.62",01-Oct-14,10,October,2014
Government,Mexico,VTT,High,2903,$250.,$7.,"$20,321.","$2,844.94","$17,476.06","$14,515","$2,961.06",01-Mar-14,3,March,2014
Government,France,Amarilla,High,1731,$260.,$7.,"$12,117.","$1,696.38","$10,420.62","$8,655","$1,765.62",01-Oct-14,10,October,2014
Government,Mexico,Amarilla,High,1727,$260.,$7.,"$12,089.","$1,692.46","$10,396.54","$8,635","$1,761.54",01-Oct-13,10,October,2013
Government,Mexico,Paseo,High,2535,$10.,$7.,"$17,745.","$2,661.75","$15,083.25","$12,675","$2,408.25",01-Apr-14,4,April,2014
Government,Mexico,Montana,High,1368,$5.,$7.,"$9,576.","$1,436.40","$8,139.6","$6,840","$1,299.60",01-Feb-14,2,February,2014
Government,Canada,Paseo,High,723,$10.,$7.,"$5,061.",$759.15,"$4,301.85","$3,615",$686.85,01-Apr-14,4,April,2014
Midmarket,France,Carretera,None,2178,$3.,$15.,"$32,670.",$0.00,"$32,670.","$21,780","$10,890.00",01-Jun-14,6,June,2014
Midmarket,Germany,Carretera,None,888,$3.,$15.,"$13,320.",$0.00,"$13,320.","$8,880","$4,440.00",01-Jun-14,6,June,2014
Midmarket,Mexico,Carretera,None,2470,$3.,$15.,"$37,050.",$0.00,"$37,050.","$24,700","$12,350.00",01-Jun-14,6,June,2014
Midmarket,Germany,Montana,None,921,$5.,$15.,"$13,815.",$0.00,"$13,815.","$9,210","$4,605.00",01-Mar-14,3,March,2014
Channel Partners,Canada,Montana,None,2518,$5.,$12.,"$30,216.",$0.00,"$30,216.","$7,554","$22,662.00",01-Jun-14,6,June,2014
Channel Partners,Germany,Montana,None,1545,$5.,$12.,"$18,540.",$0.00,"$18,540.","$4,635","$13,905.00",01-Jun-14,6,June,2014
Midmarket,Mexico,Montana,None,2470,$5.,$15.,"$37,050.",$0.00,"$37,050.","$24,700","$12,350.00",01-Jun-14,6,June,2014
Enterprise,Canada,Montana,None,2665.5,$5.,$125.,"$3,33,187.5",$0.00,"$3,33,187.5","$3,19,860","$13,327.50",01-Jul-14,7,July,2014
Small Business,Mexico,Montana,None,958,$5.,$300.,"$2,87,400.",$0.00,"$2,87,400.","$2,39,500","$47,900.00",01-Aug-14,8,August,2014
Enterprise,Canada,Montana,None,345,$5.,$125.,"$43,125.",$0.00,"$43,125.","$41,400","$1,725.00",01-Oct-13,10,October,2013
Midmarket,United States of America,Montana,None,615,$5.,$15.,"$9,225.",$0.00,"$9,225.","$6,150","$3,075.00",01-Dec-14,12,December,2014
Enterprise,France,Velo,None,1804,$120.,$125.,"$2,25,500.",$0.00,"$2,25,500.","$2,16,480","$9,020.00",01-Feb-14,2,February,2014
Channel Partners,Germany,Velo,None,2161,$120.,$12.,"$25,932.",$0.00,"$25,932.","$6,483","$19,449.00",01-Mar-14,3,March,2014
Channel Partners,Germany,Velo,None,1545,$120.,$12.,"$18,540.",$0.00,"$18,540.","$4,635","$13,905.00",01-Jun-14,6,June,2014
Enterprise,United States of America,Velo,None,2821,$120.,$125.,"$3,52,625.",$0.00,"$3,52,625.","$3,38,520","$14,105.00",01-Aug-14,8,August,2014
Enterprise,Canada,Velo,None,345,$120.,$125.,"$43,125.",$0.00,"$43,125.","$41,400","$1,725.00",01-Oct-13,10,October,2013
Small Business,Canada,VTT,None,2001,$250.,$300.,"$6,00,300.",$0.00,"$6,00,300.","$5,00,250","$1,00,050.00",01-Feb-14,2,February,2014
Channel Partners,Germany,VTT,None,2838,$250.,$12.,"$34,056.",$0.00,"$34,056.","$8,514","$25,542.00",01-Apr-14,4,April,2014
Midmarket,France,VTT,None,2178,$250.,$15.,"$32,670.",$0.00,"$32,670.","$21,780","$10,890.00",01-Jun-14,6,June,2014
Midmarket,Germany,VTT,None,888,$250.,$15.,"$13,320.",$0.00,"$13,320.","$8,880","$4,440.00",01-Jun-14,6,June,2014
Small Business,France,VTT,None,2151,$250.,$300.,"$6,45,300.",$0.00,"$6,45,300.","$5,37,750","$1,07,550.00",01-Sep-14,9,September,2014
Channel Partners,United States of America,Amarilla,None,1953,$260.,$12.,"$23,436.",$0.00,"$23,436.","$5,859","$17,577.00",01-Apr-14,4,April,2014
Enterprise,Germany,Amarilla,None,4219.5,$260.,$125.,"$5,27,437.5",$0.00,"$5,27,437.5","$5,06,340","$21,097.50",01-Apr-14,4,April,2014
Channel Partners,United States of America,Amarilla,None,2141,$260.,$12.,"$25,692.",$0.00,"$25,692.","$6,423","$19,269.00",01-Aug-14,8,August,2014
Midmarket,United States of America,Amarilla,None,615,$260.,$15.,"$9,225.",$0.00,"$9,225.","$6,150","$3,075.00",01-Dec-14,12,December,2014
Channel Partners,United States of America,Carretera,Low,1858,$3.,$12.,"$22,296.",$222.96,"$22,073.04","$5,574","$16,499.04",01-Feb-14,2,February,2014
Channel Partners,Canada,Carretera,Low,1445,$3.,$12.,"$17,340.",$173.40,"$17,166.6","$4,335","$12,831.60",01-Sep-14,9,September,2014
Enterprise,United States of America,Carretera,Low,330,$3.,$125.,"$41,250.",$412.50,"$40,837.5","$39,600","$1,237.50",01-Sep-13,9,September,2013
Channel Partners,France,Carretera,Low,2671,$3.,$12.,"$32,052.",$320.52,"$31,731.48","$8,013","$23,718.48",01-Sep-14,9,September,2014
Channel Partners,Germany,Carretera,Low,766,$3.,$12.,"$9,192.",$91.92,"$9,100.08","$2,298","$6,802.08",01-Oct-13,10,October,2013
Small Business,Mexico,Carretera,Low,494,$3.,$300.,"$1,48,200.","$1,482.00","$1,46,718.","$1,23,500","$23,218.00",01-Oct-13,10,October,2013
Midmarket,Mexico,Montana,Low,2214,$5.,$15.,"$33,210.",$332.10,"$32,877.9","$22,140","$10,737.90",01-Mar-14,3,March,2014
Small Business,United States of America,Montana,Low,2301,$5.,$300.,"$6,90,300.","$6,903.00","$6,83,397.","$5,75,250","$1,08,147.00",01-Apr-14,4,April,2014
Small Business,United States of America,Montana,Low,2498,$5.,$300.,"$7,49,400.","$7,494.00","$7,41,906.","$6,24,500","$1,17,406.00",01-Sep-13,9,September,2013
Enterprise,United States of America,Montana,Low,663,$5.,$125.,"$82,875.",$828.75,"$82,046.25","$79,560","$2,486.25",01-Oct-13,10,October,2013
Enterprise,Canada,Velo,Low,923,$120.,$125.,"$1,15,375.","$1,153.75","$1,14,221.25","$1,10,760","$3,461.25",01-Aug-14,8,August,2014
Enterprise,United States of America,Velo,Low,663,$120.,$125.,"$82,875.",$828.75,"$82,046.25","$79,560","$2,486.25",01-Oct-13,10,October,2013
Enterprise,United States of America,VTT,Low,727,$250.,$125.,"$90,875.",$908.75,"$89,966.25","$87,240","$2,726.25",01-Jun-14,6,June,2014
Enterprise,France,VTT,Low,787,$250.,$125.,"$98,375.",$983.75,"$97,391.25","$94,440","$2,951.25",01-Jun-14,6,June,2014
Small Business,Germany,VTT,Low,986,$250.,$300.,"$2,95,800.","$2,958.00","$2,92,842.","$2,46,500","$46,342.00",01-Sep-14,9,September,2014
Small Business,Mexico,VTT,Low,494,$250.,$300.,"$1,48,200.","$1,482.00","$1,46,718.","$1,23,500","$23,218.00",01-Oct-13,10,October,2013
Enterprise,France,VTT,Low,1744,$250.,$125.,"$2,18,000.","$2,180.00","$2,15,820.","$2,09,280","$6,540.00",01-Nov-14,11,November,2014
Channel Partners,United States of America,Amarilla,Low,1989,$260.,$12.,"$23,868.",$238.68,"$23,629.32","$5,967","$17,662.32",01-Sep-13,9,September,2013
Midmarket,France,Amarilla,Low,321,$260.,$15.,"$4,815.",$48.15,"$4,766.85","$3,210","$1,556.85",01-Nov-13,11,November,2013
Enterprise,Canada,Carretera,Low,742.5,$3.,$125.,"$92,812.5","$1,856.25","$90,956.25","$89,100","$1,856.25",01-Apr-14,4,April,2014
Channel Partners,Canada,Carretera,Low,1295,$3.,$12.,"$15,540.",$310.80,"$15,229.2","$3,885","$11,344.20",01-Oct-14,10,October,2014
Small Business,Germany,Carretera,Low,214,$3.,$300.,"$64,200.","$1,284.00","$62,916.","$53,500","$9,416.00",01-Oct-13,10,October,2013
Channel Partners,United States of America,Montana,Low,1142,$5.,$12.,"$13,704.",$274.08,"$13,429.92","$3,426","$10,003.92",01-Jun-14,6,June,2014
Channel Partners,Mexico,Montana,Low,690,$5.,$12.,"$8,280.",$165.60,"$8,114.4","$2,070","$6,044.40",01-Nov-14,11,November,2014
Enterprise,Mexico,Montana,Low,1660,$5.,$125.,"$2,07,500.","$4,150.00","$2,03,350.","$1,99,200","$4,150.00",01-Nov-13,11,November,2013
Enterprise,Germany,Velo,Low,809,$120.,$125.,"$1,01,125.","$2,022.50","$99,102.5","$97,080","$2,022.50",01-Oct-13,10,October,2013
Enterprise,Mexico,Velo,Low,2145,$120.,$125.,"$2,68,125.","$5,362.50","$2,62,762.5","$2,57,400","$5,362.50",01-Oct-13,10,October,2013
Channel Partners,France,Velo,Low,1055,$120.,$12.,"$12,660.",$253.20,"$12,406.8","$3,165","$9,241.80",01-Dec-14,12,December,2014
Channel Partners,Mexico,Velo,Low,1084,$120.,$12.,"$13,008.",$260.16,"$12,747.84","$3,252","$9,495.84",01-Dec-14,12,December,2014
Enterprise,Mexico,VTT,Low,662,$250.,$125.,"$82,750.","$1,655.00","$81,095.","$79,440","$1,655.00",01-Jun-14,6,June,2014
Small Business,Germany,VTT,Low,214,$250.,$300.,"$64,200.","$1,284.00","$62,916.","$53,500","$9,416.00",01-Oct-13,10,October,2013
Enterprise,Canada,VTT,Low,2729,$250.,$125.,"$3,41,125.","$6,822.50","$3,34,302.5","$3,27,480","$6,822.50",01-Dec-14,12,December,2014
Small Business,Germany,Amarilla,Low,259,$260.,$300.,"$77,700.","$1,554.00","$76,146.","$64,750","$11,396.00",01-Mar-14,3,March,2014
Small Business,Mexico,Amarilla,Low,1101,$260.,$300.,"$3,30,300.","$6,606.00","$3,23,694.","$2,75,250","$48,444.00",01-Mar-14,3,March,2014
Enterprise,Germany,Amarilla,Low,2276,$260.,$125.,"$2,84,500.","$5,690.00","$2,78,810.","$2,73,120","$5,690.00",01-May-14,5,May,2014
Small Business,Canada,Amarilla,Low,1916,$260.,$300.,"$5,74,800.","$11,496.00","$5,63,304.","$4,79,000","$84,304.00",01-Dec-14,12,December,2014
Enterprise,France,Carretera,Low,4243.5,$3.,$125.,"$5,30,437.5","$15,913.13","$5,14,524.375","$5,09,220","$5,304.38",01-Apr-14,4,April,2014
Small Business,Germany,Carretera,Low,689,$3.,$300.,"$2,06,700.","$6,201.00","$2,00,499.","$1,72,250","$28,249.00",01-Jun-14,6,June,2014
Channel Partners,United States of America,Carretera,Low,1947,$3.,$12.,"$23,364.",$700.92,"$22,663.08","$5,841","$16,822.08",01-Sep-14,9,September,2014
Channel Partners,Canada,Carretera,Low,908,$3.,$12.,"$10,896.",$326.88,"$10,569.12","$2,724","$7,845.12",01-Dec-13,12,December,2013
Channel Partners,France,Montana,Low,1901,$5.,$12.,"$22,812.",$684.36,"$22,127.64","$5,703","$16,424.64",01-Jun-14,6,June,2014
Enterprise,France,Montana,Low,1287,$5.,$125.,"$1,60,875.","$4,826.25","$1,56,048.75","$1,54,440","$1,608.75",01-Dec-14,12,December,2014
Enterprise,Germany,Montana,Low,1706,$5.,$125.,"$2,13,250.","$6,397.50","$2,06,852.5","$2,04,720","$2,132.50",01-Dec-14,12,December,2014
Enterprise,Canada,Velo,Low,2009,$120.,$125.,"$2,51,125.","$7,533.75","$2,43,591.25","$2,41,080","$2,511.25",01-Oct-14,10,October,2014
Small Business,United States of America,VTT,Low,2844,$250.,$300.,"$8,53,200.","$25,596.00","$8,27,604.","$7,11,000","$1,16,604.00",01-Feb-14,2,February,2014
Channel Partners,Mexico,VTT,Low,1916,$250.,$12.,"$22,992.",$689.76,"$22,302.24","$5,748","$16,554.24",01-Apr-14,4,April,2014
Enterprise,Germany,VTT,Low,1570,$250.,$125.,"$1,96,250.","$5,887.50","$1,90,362.5","$1,88,400","$1,962.50",01-Jun-14,6,June,2014
Small Business,Canada,VTT,Low,1874,$250.,$300.,"$5,62,200.","$16,866.00","$5,45,334.","$4,68,500","$76,834.00",01-Aug-14,8,August,2014
Midmarket,Germany,VTT,Low,1945,$250.,$15.,"$29,175.",$875.25,"$28,299.75","$19,450","$8,849.75",01-Oct-13,10,October,2013
Channel Partners,Germany,VTT,Low,2479,$250.,$12.,"$29,748.",$892.44,"$28,855.56","$7,437","$21,418.56",01-Jan-14,1,January,2014
Midmarket,Mexico,Montana,Low,2031,$5.,$15.,"$30,465.","$1,218.60","$29,246.4","$20,310","$8,936.40",01-Oct-14,10,October,2014
Small Business,Germany,Carretera,Low,2021,$3.,$300.,"$6,06,300.","$24,252.00","$5,82,048.","$5,05,250","$76,798.00",01-Oct-14,10,October,2014
Midmarket,Canada,Montana,Low,1967,$5.,$15.,"$29,505.","$1,180.20","$28,324.8","$19,670","$8,654.80",01-Mar-14,3,March,2014
Small Business,Germany,Montana,Low,1859,$5.,$300.,"$5,57,700.","$22,308.00","$5,35,392.","$4,64,750","$70,642.00",01-Aug-14,8,August,2014
Small Business,Germany,Montana,Low,2021,$5.,$300.,"$6,06,300.","$24,252.00","$5,82,048.","$5,05,250","$76,798.00",01-Oct-14,10,October,2014
Enterprise,Mexico,Montana,Low,1138,$5.,$125.,"$1,42,250.","$5,690.00","$1,36,560.","$1,36,560",$0.00,01-Dec-14,12,December,2014
Channel Partners,United States of America,Velo,Low,1465,$120.,$12.,"$17,580.",$703.20,"$16,876.8","$4,395","$12,481.80",01-Mar-14,3,March,2014
Channel Partners,France,VTT,Low,866,$250.,$12.,"$10,392.",$415.68,"$9,976.32","$2,598","$7,378.32",01-May-14,5,May,2014
Midmarket,Mexico,VTT,Low,1514,$250.,$15.,"$22,710.",$908.40,"$21,801.6","$15,140","$6,661.60",01-Oct-13,10,October,2013
Enterprise,Mexico,Amarilla,Low,1074,$260.,$125.,"$1,34,250.","$5,370.00","$1,28,880.","$1,28,880",$0.00,01-Apr-14,4,April,2014
Midmarket,United States of America,Amarilla,Low,671,$260.,$15.,"$10,065.",$402.60,"$9,662.4","$6,710","$2,952.40",01-Oct-13,10,October,2013
Channel Partners,Canada,Velo,Medium,2431,$120.,$12.,"$29,172.","$1,458.60","$27,713.4","$7,293","$20,420.40",01-Dec-14,12,December,2014
Channel Partners,Mexico,Amarilla,Medium,1123,$260.,$12.,"$13,476.",$673.80,"$12,802.2","$3,369","$9,433.20",01-Aug-14,8,August,2014
Channel Partners,France,Carretera,Medium,1865,$3.,$12.,"$22,380.","$1,119.00","$21,261.","$5,595","$15,666.00",01-Feb-14,2,February,2014
Channel Partners,Germany,Carretera,Medium,1116,$3.,$12.,"$13,392.",$669.60,"$12,722.4","$3,348","$9,374.40",01-Feb-14,2,February,2014
Small Business,United States of America,Carretera,Medium,991,$3.,$300.,"$2,97,300.","$14,865.00","$2,82,435.","$2,47,750","$34,685.00",01-Jun-14,6,June,2014
Midmarket,Mexico,Carretera,Medium,2791,$3.,$15.,"$41,865.","$2,093.25","$39,771.75","$27,910","$11,861.75",01-Nov-14,11,November,2014
Enterprise,United States of America,Montana,Medium,3627,$5.,$125.,"$4,53,375.","$22,668.75","$4,30,706.25","$4,35,240","($4,533.75)",01-Jul-14,7,July,2014
Channel Partners,Germany,Montana,Medium,2342,$5.,$12.,"$28,104.","$1,405.20","$26,698.8","$7,026","$19,672.80",01-Nov-14,11,November,2014
Small Business,Mexico,Montana,Medium,1100,$5.,$300.,"$3,30,000.","$16,500.00","$3,13,500.","$2,75,000","$38,500.00",01-Dec-13,12,December,2013
Midmarket,United States of America,Velo,Medium,555,$120.,$15.,"$8,325.",$416.25,"$7,908.75","$5,550","$2,358.75",01-Jan-14,1,January,2014
Midmarket,Mexico,Velo,Medium,2861,$120.,$15.,"$42,915.","$2,145.75","$40,769.25","$28,610","$12,159.25",01-Jan-14,1,January,2014
Enterprise,Germany,Velo,Medium,807,$120.,$125.,"$1,00,875.","$5,043.75","$95,831.25","$96,840","($1,008.75)",01-Feb-14,2,February,2014
Enterprise,United States of America,Velo,Medium,861,$120.,$125.,"$1,07,625.","$5,381.25","$1,02,243.75","$1,03,320","($1,076.25)",01-Oct-14,10,October,2014
Enterprise,France,Velo,Medium,704,$120.,$125.,"$88,000.","$4,400.00","$83,600.","$84,480",($880.00),01-Oct-13,10,October,2013
Small Business,Germany,Velo,Medium,1250,$120.,$300.,"$3,75,000.","$18,750.00","$3,56,250.","$3,12,500","$43,750.00",01-Dec-14,12,December,2014
Small Business,Germany,Amarilla,Medium,1250,$260.,$300.,"$3,75,000.","$18,750.00","$3,56,250.","$3,12,500","$43,750.00",01-Dec-14,12,December,2014
Midmarket,Canada,Carretera,Medium,2844,$3.,$15.,"$42,660.","$2,559.60","$40,100.4","$28,440","$11,660.40",01-Jun-14,6,June,2014
Channel Partners,Mexico,Carretera,Medium,562,$3.,$12.,"$6,744.",$404.64,"$6,339.36","$1,686","$4,653.36",01-Sep-14,9,September,2014
Channel Partners,Canada,Carretera,Medium,2299,$3.,$12.,"$27,588.","$1,655.28","$25,932.72","$6,897","$19,035.72",01-Oct-13,10,October,2013
Midmarket,United States of America,Carretera,Medium,2030,$3.,$15.,"$30,450.","$1,827.00","$28,623.","$20,300","$8,323.00",01-Nov-14,11,November,2014
Enterprise,Germany,Carretera,Medium,887,$3.,$125.,"$1,10,875.","$6,652.50","$1,04,222.5","$1,06,440","($2,217.50)",01-Dec-13,12,December,2013
Channel Partners,United States of America,Montana,Medium,2723,$5.,$12.,"$32,676.","$1,960.56","$30,715.44","$8,169","$22,546.44",01-Nov-14,11,November,2014
Enterprise,Canada,Velo,Medium,952,$120.,$125.,"$1,19,000.","$7,140.00","$1,11,860.","$1,14,240","($2,380.00)",01-Feb-14,2,February,2014
Enterprise,United States of America,Velo,Medium,2755,$120.,$125.,"$3,44,375.","$20,662.50","$3,23,712.5","$3,30,600","($6,887.50)",01-Feb-14,2,February,2014
Midmarket,Germany,Velo,Medium,1530,$120.,$15.,"$22,950.","$1,377.00","$21,573.","$15,300","$6,273.00",01-May-14,5,May,2014
Small Business,France,Velo,Medium,1221,$120.,$300.,"$3,66,300.","$21,978.00","$3,44,322.","$3,05,250","$39,072.00",01-Oct-13,10,October,2013
Midmarket,Canada,VTT,Medium,2844,$250.,$15.,"$42,660.","$2,559.60","$40,100.4","$28,440","$11,660.40",01-Jun-14,6,June,2014
Small Business,France,VTT,Medium,1221,$250.,$300.,"$3,66,300.","$21,978.00","$3,44,322.","$3,05,250","$39,072.00",01-Oct-13,10,October,2013
Small Business,Canada,VTT,Medium,2436,$250.,$300.,"$7,30,800.","$43,848.00","$6,86,952.","$6,09,000","$77,952.00",01-Dec-13,12,December,2013
Enterprise,France,Amarilla,Medium,1987.5,$260.,$125.,"$2,48,437.5","$14,906.25","$2,33,531.25","$2,38,500","($4,968.75)",01-Jan-14,1,January,2014
Midmarket,United States of America,VTT,Medium,1153,$250.,$15.,"$17,295.","$1,037.70","$16,257.3","$11,530","$4,727.30",01-Oct-14,10,October,2014
Channel Partners,Mexico,Carretera,Medium,727,$3.,$12.,"$8,724.",$610.68,"$8,113.32","$2,181","$5,932.32",01-Feb-14,2,February,2014
Channel Partners,Canada,Carretera,Medium,1884,$3.,$12.,"$22,608.","$1,582.56","$21,025.44","$5,652","$15,373.44",01-Aug-14,8,August,2014
Channel Partners,Mexico,Montana,Medium,2340,$5.,$12.,"$28,080.","$1,965.60","$26,114.4","$7,020","$19,094.40",01-Jan-14,1,January,2014
Channel Partners,France,Montana,Medium,2342,$5.,$12.,"$28,104.","$1,967.28","$26,136.72","$7,026","$19,110.72",01-Nov-14,11,November,2014
Midmarket,Canada,Velo,Medium,1262,$120.,$15.,"$18,930.","$1,325.10","$17,604.9","$12,620","$4,984.90",01-May-14,5,May,2014
Channel Partners,France,VTT,Medium,1738.5,$250.,$12.,"$20,862.","$1,460.34","$19,401.66","$5,216","$14,186.16",01-Apr-14,4,April,2014
Channel Partners,Germany,VTT,Medium,2215,$250.,$12.,"$26,580.","$1,860.60","$24,719.4","$6,645","$18,074.40",01-Sep-13,9,September,2013
Small Business,France,Carretera,Medium,448,$3.,$300.,"$1,34,400.","$9,408.00","$1,24,992.","$1,12,000","$12,992.00",01-Jun-14,6,June,2014
Small Business,France,Carretera,Medium,2181,$3.,$300.,"$6,54,300.","$45,801.00","$6,08,499.","$5,45,250","$63,249.00",01-Oct-14,10,October,2014
Small Business,France,Montana,Medium,2181,$5.,$300.,"$6,54,300.","$45,801.00","$6,08,499.","$5,45,250","$63,249.00",01-Oct-14,10,October,2014
Enterprise,Germany,Montana,Medium,2500,$5.,$125.,"$3,12,500.","$21,875.00","$2,90,625.","$3,00,000","($9,375.00)",01-Nov-13,11,November,2013
Small Business,France,Velo,Medium,1659,$120.,$300.,"$4,97,700.","$34,839.00","$4,62,861.","$4,14,750","$48,111.00",01-Jul-14,7,July,2014
Enterprise,Germany,Velo,Medium,2087,$120.,$125.,"$2,60,875.","$18,261.25","$2,42,613.75","$2,50,440","($7,826.25)",01-Sep-14,9,September,2014
Small Business,United States of America,Velo,Medium,1372,$120.,$300.,"$4,11,600.","$28,812.00","$3,82,788.","$3,43,000","$39,788.00",01-Dec-14,12,December,2014
Channel Partners,Canada,VTT,Medium,3244.5,$250.,$12.,"$38,934.","$2,725.38","$36,208.62","$9,734","$26,475.12",01-Jan-14,1,January,2014
Small Business,France,VTT,Medium,959,$250.,$300.,"$2,87,700.","$20,139.00","$2,67,561.","$2,39,750","$27,811.00",01-Feb-14,2,February,2014
Small Business,Mexico,VTT,Medium,2747,$250.,$300.,"$8,24,100.","$57,687.00","$7,66,413.","$6,86,750","$79,663.00",01-Feb-14,2,February,2014
Enterprise,Canada,Amarilla,Medium,1645,$260.,$125.,"$2,05,625.","$14,393.75","$1,91,231.25","$1,97,400","($6,168.75)",01-May-14,5,May,2014
Enterprise,Germany,Amarilla,Medium,994,$260.,$125.,"$1,24,250.","$8,697.50","$1,15,552.5","$1,19,280","($3,727.50)",01-Sep-13,9,September,2013
Small Business,United States of America,Amarilla,Medium,1372,$260.,$300.,"$4,11,600.","$28,812.00","$3,82,788.","$3,43,000","$39,788.00",01-Dec-14,12,December,2014
Enterprise,Mexico,Carretera,Medium,1540,$3.,$125.,"$1,92,500.","$15,400.00","$1,77,100.","$1,84,800","($7,700.00)",01-Aug-14,8,August,2014
Midmarket,France,Carretera,Medium,490,$3.,$15.,"$7,350.",$588.00,"$6,762.","$4,900","$1,862.00",01-Nov-14,11,November,2014
Midmarket,France,Montana,Medium,2501,$5.,$15.,"$37,515.","$3,001.20","$34,513.8","$25,010","$9,503.80",01-Mar-14,3,March,2014
Small Business,France,Montana,Medium,1562,$5.,$300.,"$4,68,600.","$37,488.00","$4,31,112.","$3,90,500","$40,612.00",01-Aug-14,8,August,2014
Small Business,Canada,Montana,Medium,1283,$5.,$300.,"$3,84,900.","$30,792.00","$3,54,108.","$3,20,750","$33,358.00",01-Sep-13,9,September,2013
Midmarket,Germany,Montana,Medium,711,$5.,$15.,"$10,665.",$853.20,"$9,811.8","$7,110","$2,701.80",01-Dec-14,12,December,2014
Channel Partners,Canada,Velo,Medium,598,$120.,$12.,"$7,176.",$574.08,"$6,601.92","$1,794","$4,807.92",01-Mar-14,3,March,2014
Small Business,France,Velo,Medium,386,$120.,$300.,"$1,15,800.","$9,264.00","$1,06,536.","$96,500","$10,036.00",01-Nov-13,11,November,2013
Small Business,Mexico,Velo,Medium,635,$120.,$300.,"$1,90,500.","$15,240.00","$1,75,260.","$1,58,750","$16,510.00",01-Dec-14,12,December,2014
Small Business,Canada,VTT,Medium,2134,$250.,$300.,"$6,40,200.","$51,216.00","$5,88,984.","$5,33,500","$55,484.00",01-Sep-14,9,September,2014
Small Business,United States of America,VTT,Medium,808,$250.,$300.,"$2,42,400.","$19,392.00","$2,23,008.","$2,02,000","$21,008.00",01-Dec-13,12,December,2013
Small Business,Mexico,Amarilla,Medium,2460,$260.,$300.,"$7,38,000.","$59,040.00","$6,78,960.","$6,15,000","$63,960.00",01-Jun-14,6,June,2014
Midmarket,Germany,Amarilla,Medium,711,$260.,$15.,"$10,665.",$853.20,"$9,811.8","$7,110","$2,701.80",01-Dec-14,12,December,2014
Channel Partners,Mexico,Amarilla,Medium,1375,$260.,$12.,"$16,500.","$1,320.00","$15,180.","$4,125","$11,055.00",01-Dec-13,12,December,2013
Small Business,Mexico,Amarilla,Medium,635,$260.,$300.,"$1,90,500.","$15,240.00","$1,75,260.","$1,58,750","$16,510.00",01-Dec-14,12,December,2014
Small Business,Canada,Carretera,Medium,1094,$3.,$300.,"$3,28,200.","$29,538.00","$2,98,662.","$2,73,500","$25,162.00",01-Jun-14,6,June,2014
Channel Partners,Mexico,Carretera,Medium,367,$3.,$12.,"$4,404.",$396.36,"$4,007.64","$1,101","$2,906.64",01-Oct-13,10,October,2013
Small Business,Canada,Montana,Medium,3802.5,$5.,$300.,"$11,40,750.","$1,02,667.50","$10,38,082.5","$9,50,625","$87,457.50",01-Apr-14,4,April,2014
Small Business,France,Montana,Medium,322,$5.,$300.,"$96,600.","$8,694.00","$87,906.","$80,500","$7,406.00",01-Sep-13,9,September,2013
Channel Partners,Canada,Montana,Medium,2321,$5.,$12.,"$27,852.","$2,506.68","$25,345.32","$6,963","$18,382.32",01-Nov-14,11,November,2014
Enterprise,France,Montana,Medium,1857,$5.,$125.,"$2,32,125.","$20,891.25","$2,11,233.75","$2,22,840","($11,606.25)",01-Nov-13,11,November,2013
Enterprise,United States of America,Montana,Medium,2797,$5.,$125.,"$3,49,625.","$31,466.25","$3,18,158.75","$3,35,640","($17,481.25)",01-Dec-14,12,December,2014
Small Business,Germany,Montana,Medium,334,$5.,$300.,"$1,00,200.","$9,018.00","$91,182.","$83,500","$7,682.00",01-Dec-13,12,December,2013
Midmarket,Mexico,Velo,Medium,245,$120.,$15.,"$3,675.",$330.75,"$3,344.25","$2,450",$894.25,01-May-14,5,May,2014
Small Business,Canada,Velo,Medium,3793.5,$120.,$300.,"$11,38,050.","$1,02,424.50","$10,35,625.5","$9,48,375","$87,250.50",01-Jul-14,7,July,2014
Enterprise,Canada,Velo,Medium,567,$120.,$125.,"$70,875.","$6,378.75","$64,496.25","$68,040","($3,543.75)",01-Sep-14,9,September,2014
Enterprise,Mexico,Velo,Medium,2110,$120.,$125.,"$2,63,750.","$23,737.50","$2,40,012.5","$2,53,200","($13,187.50)",01-Sep-14,9,September,2014
Channel Partners,United States of America,VTT,Medium,1956,$250.,$12.,"$23,472.","$2,112.48","$21,359.52","$5,868","$15,491.52",01-Jan-14,1,January,2014
Small Business,Germany,VTT,Medium,2659,$250.,$300.,"$7,97,700.","$71,793.00","$7,25,907.","$6,64,750","$61,157.00",01-Feb-14,2,February,2014
Channel Partners,Germany,VTT,Medium,880,$250.,$12.,"$10,560.",$950.40,"$9,609.6","$2,640","$6,969.60",01-May-14,5,May,2014
Small Business,United States of America,VTT,Medium,1867,$250.,$300.,"$5,60,100.","$50,409.00","$5,09,691.","$4,66,750","$42,941.00",01-Sep-14,9,September,2014
Channel Partners,France,VTT,Medium,2234,$250.,$12.,"$26,808.","$2,412.72","$24,395.28","$6,702","$17,693.28",01-Sep-13,9,September,2013
Midmarket,France,VTT,Medium,1227,$250.,$15.,"$18,405.","$1,656.45","$16,748.55","$12,270","$4,478.55",01-Oct-14,10,October,2014
Enterprise,Mexico,VTT,Medium,877,$250.,$125.,"$1,09,625.","$9,866.25","$99,758.75","$1,05,240","($5,481.25)",01-Nov-14,11,November,2014
Midmarket,Germany,Amarilla,Medium,970,$260.,$15.,"$14,550.","$1,309.50","$13,240.5","$9,700","$3,540.50",01-Nov-13,11,November,2013
Channel Partners,Germany,Carretera,Medium,1580,$3.,$12.,"$18,960.","$1,706.40","$17,253.6","$4,740","$12,513.60",01-Sep-14,9,September,2014
Channel Partners,France,Velo,Medium,1967,$120.,$12.,"$23,604.","$2,124.36","$21,479.64","$5,901","$15,578.64",01-Mar-14,3,March,2014
Midmarket,Mexico,Velo,Medium,2628,$120.,$15.,"$39,420.","$3,547.80","$35,872.2","$26,280","$9,592.20",01-Apr-14,4,April,2014
Midmarket,Canada,Amarilla,Medium,1630.5,$260.,$15.,"$24,457.5","$2,201.18","$22,256.325","$16,305","$5,951.33",01-Jul-14,7,July,2014
Channel Partners,France,Amarilla,Medium,306,$260.,$12.,"$3,672.",$330.48,"$3,341.52",$918,"$2,423.52",01-Dec-13,12,December,2013
Channel Partners,United States of America,Carretera,High,386,$3.,$12.,"$4,632.",$463.20,"$4,168.8","$1,158","$3,010.80",01-Oct-13,10,October,2013
Enterprise,United States of America,Carretera,High,3445.5,$3.,$125.,"$4,30,687.5","$43,068.75","$3,87,618.75","$4,13,460","($25,841.25)",01-Apr-14,4,April,2014
Enterprise,France,Carretera,High,1482,$3.,$125.,"$1,85,250.","$18,525.00","$1,66,725.","$1,77,840","($11,115.00)",01-Dec-13,12,December,2013
Enterprise,United States of America,Montana,High,1804,$5.,$125.,"$2,25,500.","$22,550.00","$2,02,950.","$2,16,480","($13,530.00)",01-Nov-13,11,November,2013
Midmarket,France,Montana,High,2072,$5.,$15.,"$31,080.","$3,108.00","$27,972.","$20,720","$7,252.00",01-Dec-14,12,December,2014
Midmarket,Germany,Velo,High,681,$120.,$15.,"$10,215.","$1,021.50","$9,193.5","$6,810","$2,383.50",01-Jan-14,1,January,2014
Midmarket,Germany,Velo,High,510,$120.,$15.,"$7,650.",$765.00,"$6,885.","$5,100","$1,785.00",01-Apr-14,4,April,2014
Midmarket,United States of America,Velo,High,790,$120.,$15.,"$11,850.","$1,185.00","$10,665.","$7,900","$2,765.00",01-May-14,5,May,2014
Enterprise,United States of America,Velo,High,1596,$120.,$125.,"$1,99,500.","$19,950.00","$1,79,550.","$1,91,520","($11,970.00)",01-Sep-14,9,September,2014
Small Business,United States of America,Velo,High,2294,$120.,$300.,"$6,88,200.","$68,820.00","$6,19,380.","$5,73,500","$45,880.00",01-Oct-13,10,October,2013
Enterprise,Canada,Velo,High,1916,$120.,$125.,"$2,39,500.","$23,950.00","$2,15,550.","$2,29,920","($14,370.00)",01-Dec-13,12,December,2013
Small Business,France,Velo,High,853,$120.,$300.,"$2,55,900.","$25,590.00","$2,30,310.","$2,13,250","$17,060.00",01-Dec-14,12,December,2014
Enterprise,Mexico,VTT,High,341,$250.,$125.,"$42,625.","$4,262.50","$38,362.5","$40,920","($2,557.50)",01-May-14,5,May,2014
Midmarket,Mexico,VTT,High,641,$250.,$15.,"$9,615.",$961.50,"$8,653.5","$6,410","$2,243.50",01-Jul-14,7,July,2014
Small Business,Mexico,VTT,High,432,$250.,$300.,"$1,29,600.","$12,960.00","$1,16,640.","$1,08,000","$8,640.00",01-Sep-14,9,September,2014
Small Business,United States of America,VTT,High,2294,$250.,$300.,"$6,88,200.","$68,820.00","$6,19,380.","$5,73,500","$45,880.00",01-Oct-13,10,October,2013
Midmarket,France,VTT,High,2167,$250.,$15.,"$32,505.","$3,250.50","$29,254.5","$21,670","$7,584.50",01-Oct-13,10,October,2013
Enterprise,Canada,VTT,High,2529,$250.,$125.,"$3,16,125.","$31,612.50","$2,84,512.5","$3,03,480","($18,967.50)",01-Nov-14,11,November,2014
Enterprise,United States of America,Amarilla,High,579,$260.,$125.,"$72,375.","$7,237.50","$65,137.5","$69,480","($4,342.50)",01-Jan-14,1,January,2014
Small Business,United States of America,Amarilla,High,2993,$260.,$300.,"$8,97,900.","$89,790.00","$8,08,110.","$7,48,250","$59,860.00",01-Mar-14,3,March,2014
Channel Partners,Canada,Amarilla,High,3520.5,$260.,$12.,"$42,246.","$4,224.60","$38,021.4","$10,562","$27,459.90",01-Apr-14,4,April,2014
Channel Partners,Germany,Amarilla,High,2574,$260.,$12.,"$30,888.","$3,088.80","$27,799.2","$7,722","$20,077.20",01-Aug-14,8,August,2014
Midmarket,France,Amarilla,High,2072,$260.,$15.,"$31,080.","$3,108.00","$27,972.","$20,720","$7,252.00",01-Dec-14,12,December,2014
Small Business,France,Amarilla,High,853,$260.,$300.,"$2,55,900.","$25,590.00","$2,30,310.","$2,13,250","$17,060.00",01-Dec-14,12,December,2014
Channel Partners,France,Carretera,High,1198,$3.,$12.,"$14,376.","$1,581.36","$12,794.64","$3,594","$9,200.64",01-Oct-13,10,October,2013
Midmarket,Canada,Velo,High,384,$120.,$15.,"$5,760.",$633.60,"$5,126.4","$3,840","$1,286.40",01-Jan-14,1,January,2014
Channel Partners,Germany,Velo,High,472,$120.,$12.,"$5,664.",$623.04,"$5,040.96","$1,416","$3,624.96",01-Oct-14,10,October,2014
Channel Partners,Mexico,VTT,High,1005,$250.,$12.,"$12,060.","$1,326.60","$10,733.4","$3,015","$7,718.40",01-Sep-13,9,September,2013
Midmarket,United States of America,Amarilla,High,3199.5,$260.,$15.,"$47,992.5","$5,279.18","$42,713.325","$31,995","$10,718.33",01-Jul-14,7,July,2014
Channel Partners,Germany,Amarilla,High,472,$260.,$12.,"$5,664.",$623.04,"$5,040.96","$1,416","$3,624.96",01-Oct-14,10,October,2014
Channel Partners,Canada,Carretera,High,1937,$3.,$12.,"$23,244.","$2,556.84","$20,687.16","$5,811","$14,876.16",01-Feb-14,2,February,2014
Small Business,Germany,Carretera,High,2811,$3.,$300.,"$8,43,300.","$92,763.00","$7,50,537.","$7,02,750","$47,787.00",01-Jul-14,7,July,2014
Enterprise,France,Carretera,High,2441,$3.,$125.,"$3,05,125.","$33,563.75","$2,71,561.25","$2,92,920","($21,358.75)",01-Oct-14,10,October,2014
Midmarket,Canada,Carretera,High,1560,$3.,$15.,"$23,400.","$2,574.00","$20,826.","$15,600","$5,226.00",01-Nov-13,11,November,2013
Midmarket,Mexico,Montana,High,2157,$5.,$15.,"$32,355.","$3,559.05","$28,795.95","$21,570","$7,225.95",01-Dec-14,12,December,2014
Midmarket,Mexico,Velo,High,655,$120.,$15.,"$9,825.","$1,080.75","$8,744.25","$6,550","$2,194.25",01-Sep-13,9,September,2013
Channel Partners,France,VTT,High,1734,$250.,$12.,"$20,808.","$2,288.88","$18,519.12","$5,202","$13,317.12",01-Jan-14,1,January,2014
Enterprise,Mexico,VTT,High,554,$250.,$125.,"$69,250.","$7,617.50","$61,632.5","$66,480","($4,847.50)",01-Jan-14,1,January,2014
Enterprise,Germany,Amarilla,High,3165,$260.,$125.,"$3,95,625.","$43,518.75","$3,52,106.25","$3,79,800","($27,693.75)",01-Jan-14,1,January,2014
Enterprise,France,Amarilla,High,1433,$260.,$125.,"$1,79,125.","$19,703.75","$1,59,421.25","$1,71,960","($12,538.75)",01-May-14,5,May,2014
Enterprise,Mexico,Amarilla,High,947,$260.,$125.,"$1,18,375.","$13,021.25","$1,05,353.75","$1,13,640","($8,286.25)",01-Sep-13,9,September,2013
Midmarket,Mexico,Amarilla,High,2157,$260.,$15.,"$32,355.","$3,559.05","$28,795.95","$21,570","$7,225.95",01-Dec-14,12,December,2014
Enterprise,Canada,Carretera,High,2416,$3.,$125.,"$3,02,000.","$36,240.00","$2,65,760.","$2,89,920","($24,160.00)",01-Sep-13,9,September,2013
Enterprise,Mexico,Carretera,High,2156,$3.,$125.,"$2,69,500.","$32,340.00","$2,37,160.","$2,58,720","($21,560.00)",01-Oct-14,10,October,2014
Midmarket,Canada,Carretera,High,2689,$3.,$15.,"$40,335.","$4,840.20","$35,494.8","$26,890","$8,604.80",01-Nov-14,11,November,2014
Midmarket,United States of America,Montana,High,677,$5.,$15.,"$10,155.","$1,218.60","$8,936.4","$6,770","$2,166.40",01-Mar-14,3,March,2014
Small Business,France,Montana,High,1773,$5.,$300.,"$5,31,900.","$63,828.00","$4,68,072.","$4,43,250","$24,822.00",01-Apr-14,4,April,2014
Small Business,France,Montana,High,1186,$5.,$300.,"$3,55,800.","$42,696.00","$3,13,104.","$2,96,500","$16,604.00",01-Dec-13,12,December,2013
Channel Partners,Canada,VTT,High,2109,$250.,$12.,"$25,308.","$3,036.96","$22,271.04","$6,327","$15,944.04",01-May-14,5,May,2014
Midmarket,France,VTT,High,3874.5,$250.,$15.,"$58,117.5","$6,974.10","$51,143.4","$38,745","$12,398.40",01-Jul-14,7,July,2014
Enterprise,United States of America,VTT,High,2387,$250.,$125.,"$2,98,375.","$35,805.00","$2,62,570.","$2,86,440","($23,870.00)",01-Nov-14,11,November,2014
Midmarket,United States of America,Amarilla,High,2548,$260.,$15.,"$38,220.","$4,586.40","$33,633.6","$25,480","$8,153.60",01-Nov-13,11,November,2013
Channel Partners,Mexico,Montana,High,2661,$5.,$12.,"$31,932.","$3,831.84","$28,100.16","$7,983","$20,117.16",01-May-14,5,May,2014
Channel Partners,Canada,Amarilla,High,2761,$260.,$12.,"$33,132.","$3,975.84","$29,156.16","$8,283","$20,873.16",01-Sep-13,9,September,2013
Midmarket,United States of America,Carretera,High,2567,$3.,$15.,"$38,505.","$5,005.65","$33,499.35","$25,670","$7,829.35",01-Jun-14,6,June,2014
Midmarket,United States of America,VTT,High,2567,$250.,$15.,"$38,505.","$5,005.65","$33,499.35","$25,670","$7,829.35",01-Jun-14,6,June,2014
Channel Partners,Mexico,Montana,High,604,$5.,$12.,"$7,248.",$942.24,"$6,305.76","$1,812","$4,493.76",01-Jun-14,6,June,2014
Midmarket,France,Velo,High,3997.5,$120.,$15.,"$59,962.5","$7,795.13","$52,167.375","$39,975","$12,192.38",01-Jan-14,1,January,2014
Channel Partners,Mexico,Velo,High,604,$120.,$12.,"$7,248.",$942.24,"$6,305.76","$1,812","$4,493.76",01-Jun-14,6,June,2014
Midmarket,Germany,Velo,High,660,$120.,$15.,"$9,900.","$1,287.00","$8,613.","$6,600","$2,013.00",01-Sep-13,9,September,2013
Channel Partners,Mexico,Velo,High,410,$120.,$12.,"$4,920.",$639.60,"$4,280.4","$1,230","$3,050.40",01-Oct-14,10,October,2014
Small Business,Mexico,Velo,High,2605,$120.,$300.,"$7,81,500.","$1,01,595.00","$6,79,905.","$6,51,250","$28,655.00",01-Nov-13,11,November,2013
Channel Partners,Germany,Velo,High,1013,$120.,$12.,"$12,156.","$1,580.28","$10,575.72","$3,039","$7,536.72",01-Dec-14,12,December,2014
Enterprise,Canada,VTT,High,1583,$250.,$125.,"$1,97,875.","$25,723.75","$1,72,151.25","$1,89,960","($17,808.75)",01-Jun-14,6,June,2014
Midmarket,Canada,VTT,High,1565,$250.,$15.,"$23,475.","$3,051.75","$20,423.25","$15,650","$4,773.25",01-Oct-14,10,October,2014
Enterprise,Canada,Amarilla,High,1659,$260.,$125.,"$2,07,375.","$26,958.75","$1,80,416.25","$1,99,080","($18,663.75)",01-Jan-14,1,January,2014
Channel Partners,Mexico,Amarilla,High,410,$260.,$12.,"$4,920.",$639.60,"$4,280.4","$1,230","$3,050.40",01-Oct-14,10,October,2014
Channel Partners,Germany,Amarilla,High,1770,$260.,$12.,"$21,240.","$2,761.20","$18,478.8","$5,310","$13,168.80",01-Dec-13,12,December,2013
Channel Partners,France,Amarilla,High,1393,$260.,$12.,"$16,716.","$2,340.24","$14,375.76","$4,179","$10,196.76",01-Oct-14,10,October,2014
Channel Partners,United States of America,Amarilla,High,2015,$260.,$12.,"$24,180.","$3,385.20","$20,794.8","$6,045","$14,749.80",01-Dec-13,12,December,2013
Small Business,Mexico,Carretera,High,801,$3.,$300.,"$2,40,300.","$33,642.00","$2,06,658.","$2,00,250","$6,408.00",01-Jul-14,7,July,2014
Enterprise,France,Carretera,High,1023,$3.,$125.,"$1,27,875.","$17,902.50","$1,09,972.5","$1,22,760","($12,787.50)",01-Sep-13,9,September,2013
Small Business,Canada,Carretera,High,1496,$3.,$300.,"$4,48,800.","$62,832.00","$3,85,968.","$3,74,000","$11,968.00",01-Oct-14,10,October,2014
Small Business,United States of America,Carretera,High,1010,$3.,$300.,"$3,03,000.","$42,420.00","$2,60,580.","$2,52,500","$8,080.00",01-Oct-14,10,October,2014
Midmarket,Germany,Carretera,High,1513,$3.,$15.,"$22,695.","$3,177.30","$19,517.7","$15,130","$4,387.70",01-Nov-14,11,November,2014
Midmarket,Canada,Carretera,High,2300,$3.,$15.,"$34,500.","$4,830.00","$29,670.","$23,000","$6,670.00",01-Dec-14,12,December,2014
Enterprise,Mexico,Carretera,High,2821,$3.,$125.,"$3,52,625.","$49,367.50","$3,03,257.5","$3,38,520","($35,262.50)",01-Dec-13,12,December,2013
Midmarket,Canada,Montana,High,2300,$5.,$15.,"$34,500.","$4,830.00","$29,670.","$23,000","$6,670.00",01-Dec-14,12,December,2014
Enterprise,Mexico,Velo,High,1575,$120.,$125.,"$1,96,875.","$27,562.50","$1,69,312.5","$1,89,000","($19,687.50)",01-Feb-14,2,February,2014
Small Business,United States of America,Velo,High,2460,$120.,$300.,"$7,38,000.","$1,03,320.00","$6,34,680.","$6,15,000","$19,680.00",01-Jul-14,7,July,2014
Small Business,Canada,Velo,High,269,$120.,$300.,"$80,700.","$11,298.00","$69,402.","$67,250","$2,152.00",01-Oct-13,10,October,2013
Small Business,Germany,Velo,High,2536,$120.,$300.,"$7,60,800.","$1,06,512.00","$6,54,288.","$6,34,000","$20,288.00",01-Nov-13,11,November,2013
Small Business,United States of America,VTT,High,2541,$250.,$300.,"$7,62,300.","$1,06,722.00","$6,55,578.","$6,35,250","$20,328.00",01-Aug-14,8,August,2014
Small Business,Canada,VTT,High,269,$250.,$300.,"$80,700.","$11,298.00","$69,402.","$67,250","$2,152.00",01-Oct-13,10,October,2013
Small Business,Canada,VTT,High,1496,$250.,$300.,"$4,48,800.","$62,832.00","$3,85,968.","$3,74,000","$11,968.00",01-Oct-14,10,October,2014
Small Business,United States of America,VTT,High,1010,$250.,$300.,"$3,03,000.","$42,420.00","$2,60,580.","$2,52,500","$8,080.00",01-Oct-14,10,October,2014
Small Business,Canada,Amarilla,High,888,$260.,$300.,"$2,66,400.","$37,296.00","$2,29,104.","$2,22,000","$7,104.00",01-Mar-14,3,March,2014
Enterprise,United States of America,Amarilla,High,2844,$260.,$125.,"$3,55,500.","$49,770.00","$3,05,730.","$3,41,280","($35,550.00)",01-May-14,5,May,2014
Channel Partners,France,Amarilla,High,2475,$260.,$12.,"$29,700.","$4,158.00","$25,542.","$7,425","$18,117.00",01-Aug-14,8,August,2014
Midmarket,Canada,Amarilla,High,1743,$260.,$15.,"$26,145.","$3,660.30","$22,484.7","$17,430","$5,054.70",01-Oct-13,10,October,2013
Channel Partners,United States of America,Amarilla,High,2914,$260.,$12.,"$34,968.","$4,895.52","$30,072.48","$8,742","$21,330.48",01-Oct-14,10,October,2014
Midmarket,Mexico,Amarilla,High,1870,$260.,$15.,"$28,050.","$3,927.00","$24,123.","$18,700","$5,423.00",01-Nov-13,11,November,2013
Enterprise,France,Carretera,High,1174,$3.,$125.,"$1,46,750.","$22,012.50","$1,24,737.5","$1,40,880","($16,142.50)",01-Aug-14,8,August,2014
Enterprise,Germany,Carretera,High,2767,$3.,$125.,"$3,45,875.","$51,881.25","$2,93,993.75","$3,32,040","($38,046.25)",01-Aug-14,8,August,2014
Enterprise,Germany,Carretera,High,1085,$3.,$125.,"$1,35,625.","$20,343.75","$1,15,281.25","$1,30,200","($14,918.75)",01-Oct-14,10,October,2014
Small Business,Mexico,Montana,High,546,$5.,$300.,"$1,63,800.","$24,570.00","$1,39,230.","$1,36,500","$2,730.00",01-Oct-14,10,October,2014
Channel Partners,Mexico,Velo,High,500,$120.,$12.,"$6,000.",$900.00,"$5,100.","$1,500","$3,600.00",01-Mar-14,3,March,2014
Midmarket,France,Velo,High,2826,$120.,$15.,"$42,390.","$6,358.50","$36,031.5","$28,260","$7,771.50",01-May-14,5,May,2014
Enterprise,France,Velo,High,663,$120.,$125.,"$82,875.","$12,431.25","$70,443.75","$79,560","($9,116.25)",01-Sep-14,9,September,2014
Small Business,United States of America,Velo,High,2574,$120.,$300.,"$7,72,200.","$1,15,830.00","$6,56,370.","$6,43,500","$12,870.00",01-Nov-13,11,November,2013
Enterprise,United States of America,Velo,High,2438,$120.,$125.,"$3,04,750.","$45,712.50","$2,59,037.5","$2,92,560","($33,522.50)",01-Dec-13,12,December,2013
Channel Partners,United States of America,Velo,High,914,$120.,$12.,"$10,968.","$1,645.20","$9,322.8","$2,742","$6,580.80",01-Dec-14,12,December,2014
Midmarket,Germany,VTT,High,492,$250.,$15.,"$7,380.","$1,107.00","$6,273.","$4,920","$1,353.00",01-Jul-14,7,July,2014
Midmarket,Germany,VTT,High,1175,$250.,$15.,"$17,625.","$2,643.75","$14,981.25","$11,750","$3,231.25",01-Oct-14,10,October,2014
Enterprise,Canada,VTT,High,2954,$250.,$125.,"$3,69,250.","$55,387.50","$3,13,862.5","$3,54,480","($40,617.50)",01-Nov-13,11,November,2013
Enterprise,Germany,VTT,High,552,$250.,$125.,"$69,000.","$10,350.00","$58,650.","$66,240","($7,590.00)",01-Nov-14,11,November,2014
Small Business,France,Amarilla,High,2475,$260.,$300.,"$7,42,500.","$1,11,375.00","$6,31,125.","$6,18,750","$12,375.00",01-Mar-14,3,March,2014
Small Business,Mexico,Amarilla,High,546,$260.,$300.,"$1,63,800.","$24,570.00","$1,39,230.","$1,36,500","$2,730.00",01-Oct-14,10,October,2014
Channel Partners,United States of America,VTT,High,1806,$250.,$12.,"$21,672.","$3,250.80","$18,421.2","$5,418","$13,003.20",01-May-14,5,May,2014
Midmarket,Mexico,Paseo,None,974,$10.,$15.,"$14,610.",$0.00,"$14,610.","$9,740","$4,870.00",01-Feb-14,2,February,2014
Channel Partners,Canada,Paseo,None,2518,$10.,$12.,"$30,216.",$0.00,"$30,216.","$7,554","$22,662.00",01-Jun-14,6,June,2014
Channel Partners,Germany,Paseo,None,367,$10.,$12.,"$4,404.",$0.00,"$4,404.","$1,101","$3,303.00",01-Jul-14,7,July,2014
Midmarket,France,Paseo,None,549,$10.,$15.,"$8,235.",$0.00,"$8,235.","$5,490","$2,745.00",01-Sep-13,9,September,2013
Small Business,Mexico,Paseo,None,788,$10.,$300.,"$2,36,400.",$0.00,"$2,36,400.","$1,97,000","$39,400.00",01-Sep-13,9,September,2013
Midmarket,Mexico,Paseo,None,2472,$10.,$15.,"$37,080.",$0.00,"$37,080.","$24,720","$12,360.00",01-Sep-14,9,September,2014
Channel Partners,United States of America,Paseo,None,912,$10.,$12.,"$10,944.",$0.00,"$10,944.","$2,736","$8,208.00",01-Nov-13,11,November,2013
Midmarket,Canada,Paseo,None,2152,$10.,$15.,"$32,280.",$0.00,"$32,280.","$21,520","$10,760.00",01-Dec-13,12,December,2013
Midmarket,France,Paseo,Low,2296,$10.,$15.,"$34,440.",$344.40,"$34,095.6","$22,960","$11,135.60",01-Feb-14,2,February,2014
Midmarket,United States of America,Paseo,Low,1514,$10.,$15.,"$22,710.",$227.10,"$22,482.9","$15,140","$7,342.90",01-Feb-14,2,February,2014
Enterprise,United States of America,Paseo,Low,727,$10.,$125.,"$90,875.",$908.75,"$89,966.25","$87,240","$2,726.25",01-Jun-14,6,June,2014
Enterprise,France,Paseo,Low,787,$10.,$125.,"$98,375.",$983.75,"$97,391.25","$94,440","$2,951.25",01-Jun-14,6,June,2014
Enterprise,Mexico,Paseo,Low,1823,$10.,$125.,"$2,27,875.","$2,278.75","$2,25,596.25","$2,18,760","$6,836.25",01-Jul-14,7,July,2014
Midmarket,Germany,Paseo,Low,747,$10.,$15.,"$11,205.",$112.05,"$11,092.95","$7,470","$3,622.95",01-Sep-14,9,September,2014
Channel Partners,Germany,Paseo,Low,766,$10.,$12.,"$9,192.",$91.92,"$9,100.08","$2,298","$6,802.08",01-Oct-13,10,October,2013
Small Business,United States of America,Paseo,Low,2905,$10.,$300.,"$8,71,500.","$8,715.00","$8,62,785.","$7,26,250","$1,36,535.00",01-Nov-14,11,November,2014
Midmarket,Canada,Paseo,Low,2363,$10.,$15.,"$35,445.",$708.90,"$34,736.1","$23,630","$11,106.10",01-Feb-14,2,February,2014
Small Business,France,Paseo,Low,918,$10.,$300.,"$2,75,400.","$5,508.00","$2,69,892.","$2,29,500","$40,392.00",01-May-14,5,May,2014
Small Business,Germany,Paseo,Low,1728,$10.,$300.,"$5,18,400.","$10,368.00","$5,08,032.","$4,32,000","$76,032.00",01-May-14,5,May,2014
Channel Partners,United States of America,Paseo,Low,1142,$10.,$12.,"$13,704.",$274.08,"$13,429.92","$3,426","$10,003.92",01-Jun-14,6,June,2014
Enterprise,Mexico,Paseo,Low,662,$10.,$125.,"$82,750.","$1,655.00","$81,095.","$79,440","$1,655.00",01-Jun-14,6,June,2014
Channel Partners,Canada,Paseo,Low,1295,$10.,$12.,"$15,540.",$310.80,"$15,229.2","$3,885","$11,344.20",01-Oct-14,10,October,2014
Enterprise,Germany,Paseo,Low,809,$10.,$125.,"$1,01,125.","$2,022.50","$99,102.5","$97,080","$2,022.50",01-Oct-13,10,October,2013
Enterprise,Mexico,Paseo,Low,2145,$10.,$125.,"$2,68,125.","$5,362.50","$2,62,762.5","$2,57,400","$5,362.50",01-Oct-13,10,October,2013
Channel Partners,France,Paseo,Low,1785,$10.,$12.,"$21,420.",$428.40,"$20,991.6","$5,355","$15,636.60",01-Nov-13,11,November,2013
Small Business,Canada,Paseo,Low,1916,$10.,$300.,"$5,74,800.","$11,496.00","$5,63,304.","$4,79,000","$84,304.00",01-Dec-14,12,December,2014
Enterprise,Canada,Paseo,Low,2729,$10.,$125.,"$3,41,125.","$6,822.50","$3,34,302.5","$3,27,480","$6,822.50",01-Dec-14,12,December,2014
Midmarket,United States of America,Paseo,Low,1925,$10.,$15.,"$28,875.",$577.50,"$28,297.5","$19,250","$9,047.50",01-Dec-13,12,December,2013
Channel Partners,France,Paseo,Low,1055,$10.,$12.,"$12,660.",$253.20,"$12,406.8","$3,165","$9,241.80",01-Dec-14,12,December,2014
Channel Partners,Mexico,Paseo,Low,1084,$10.,$12.,"$13,008.",$260.16,"$12,747.84","$3,252","$9,495.84",01-Dec-14,12,December,2014
Small Business,France,Paseo,Low,2434.5,$10.,$300.,"$7,30,350.","$21,910.50","$7,08,439.5","$6,08,625","$99,814.50",01-Jan-14,1,January,2014
Enterprise,Canada,Paseo,Low,1774,$10.,$125.,"$2,21,750.","$6,652.50","$2,15,097.5","$2,12,880","$2,217.50",01-Mar-14,3,March,2014
Channel Partners,France,Paseo,Low,1901,$10.,$12.,"$22,812.",$684.36,"$22,127.64","$5,703","$16,424.64",01-Jun-14,6,June,2014
Small Business,Germany,Paseo,Low,689,$10.,$300.,"$2,06,700.","$6,201.00","$2,00,499.","$1,72,250","$28,249.00",01-Jun-14,6,June,2014
Enterprise,Germany,Paseo,Low,1570,$10.,$125.,"$1,96,250.","$5,887.50","$1,90,362.5","$1,88,400","$1,962.50",01-Jun-14,6,June,2014
Channel Partners,United States of America,Paseo,Low,1369.5,$10.,$12.,"$16,434.",$493.02,"$15,940.98","$4,109","$11,832.48",01-Jul-14,7,July,2014
Enterprise,Canada,Paseo,Low,2009,$10.,$125.,"$2,51,125.","$7,533.75","$2,43,591.25","$2,41,080","$2,511.25",01-Oct-14,10,October,2014
Midmarket,Germany,Paseo,Low,1945,$10.,$15.,"$29,175.",$875.25,"$28,299.75","$19,450","$8,849.75",01-Oct-13,10,October,2013
Enterprise,France,Paseo,Low,1287,$10.,$125.,"$1,60,875.","$4,826.25","$1,56,048.75","$1,54,440","$1,608.75",01-Dec-14,12,December,2014
Enterprise,Germany,Paseo,Low,1706,$10.,$125.,"$2,13,250.","$6,397.50","$2,06,852.5","$2,04,720","$2,132.50",01-Dec-14,12,December,2014
Midmarket,Mexico,Paseo,Low,2031,$10.,$15.,"$30,465.","$1,218.60","$29,246.4","$20,310","$8,936.40",01-Oct-14,10,October,2014
Midmarket,France,Paseo,Low,2261,$10.,$15.,"$33,915.","$1,356.60","$32,558.4","$22,610","$9,948.40",01-Dec-13,12,December,2013
Enterprise,Germany,Paseo,Low,795,$10.,$125.,"$99,375.","$3,975.00","$95,400.","$95,400",$0.00,01-Mar-14,3,March,2014
Small Business,Germany,Paseo,Low,1414.5,$10.,$300.,"$4,24,350.","$16,974.00","$4,07,376.","$3,53,625","$53,751.00",01-Apr-14,4,April,2014
Small Business,United States of America,Paseo,Low,2918,$10.,$300.,"$8,75,400.","$35,016.00","$8,40,384.","$7,29,500","$1,10,884.00",01-May-14,5,May,2014
Enterprise,France,Paseo,Low,2988,$10.,$125.,"$3,73,500.","$14,940.00","$3,58,560.","$3,58,560",$0.00,01-Jul-14,7,July,2014
Midmarket,Canada,Paseo,Low,218,$10.,$15.,"$3,270.",$130.80,"$3,139.2","$2,180",$959.20,01-Sep-14,9,September,2014
Midmarket,United States of America,Paseo,Low,671,$10.,$15.,"$10,065.",$402.60,"$9,662.4","$6,710","$2,952.40",01-Oct-13,10,October,2013
Midmarket,Mexico,Paseo,Low,1514,$10.,$15.,"$22,710.",$908.40,"$21,801.6","$15,140","$6,661.60",01-Oct-13,10,October,2013
Enterprise,Mexico,Paseo,Low,1138,$10.,$125.,"$1,42,250.","$5,690.00","$1,36,560.","$1,36,560",$0.00,01-Dec-14,12,December,2014
Channel Partners,Canada,Paseo,Medium,2431,$10.,$12.,"$29,172.","$1,458.60","$27,713.4","$7,293","$20,420.40",01-Dec-14,12,December,2014
Enterprise,United States of America,Paseo,Medium,2992,$10.,$125.,"$3,74,000.","$18,700.00","$3,55,300.","$3,59,040","($3,740.00)",01-Mar-14,3,March,2014
Enterprise,France,Paseo,Medium,2385,$10.,$125.,"$2,98,125.","$14,906.25","$2,83,218.75","$2,86,200","($2,981.25)",01-Mar-14,3,March,2014
Small Business,Mexico,Paseo,Medium,1607,$10.,$300.,"$4,82,100.","$24,105.00","$4,57,995.","$4,01,750","$56,245.00",01-Apr-14,4,April,2014
Small Business,United States of America,Paseo,Medium,991,$10.,$300.,"$2,97,300.","$14,865.00","$2,82,435.","$2,47,750","$34,685.00",01-Jun-14,6,June,2014
Midmarket,France,Paseo,Medium,2620,$10.,$15.,"$39,300.","$1,965.00","$37,335.","$26,200","$11,135.00",01-Sep-14,9,September,2014
Enterprise,United States of America,Paseo,Medium,861,$10.,$125.,"$1,07,625.","$5,381.25","$1,02,243.75","$1,03,320","($1,076.25)",01-Oct-14,10,October,2014
Enterprise,France,Paseo,Medium,704,$10.,$125.,"$88,000.","$4,400.00","$83,600.","$84,480",($880.00),01-Oct-13,10,October,2013
Midmarket,Germany,Paseo,Medium,2116,$10.,$15.,"$31,740.","$1,587.00","$30,153.","$21,160","$8,993.00",01-Dec-13,12,December,2013
Midmarket,France,Paseo,Medium,3801,$10.,$15.,"$57,015.","$3,420.90","$53,594.1","$38,010","$15,584.10",01-Apr-14,4,April,2014
Channel Partners,Canada,Paseo,Medium,2299,$10.,$12.,"$27,588.","$1,655.28","$25,932.72","$6,897","$19,035.72",01-Oct-13,10,October,2013
Midmarket,United States of America,Paseo,Medium,2198,$10.,$15.,"$32,970.","$1,978.20","$30,991.8","$21,980","$9,011.80",01-Aug-14,8,August,2014
Midmarket,Germany,Paseo,Medium,1743,$10.,$15.,"$26,145.","$1,568.70","$24,576.3","$17,430","$7,146.30",01-Aug-14,8,August,2014
Midmarket,United States of America,Paseo,Medium,1153,$10.,$15.,"$17,295.","$1,037.70","$16,257.3","$11,530","$4,727.30",01-Oct-14,10,October,2014
Small Business,Canada,Paseo,Medium,1702,$10.,$300.,"$5,10,600.","$35,742.00","$4,74,858.","$4,25,500","$49,358.00",01-May-14,5,May,2014
Small Business,France,Paseo,Medium,448,$10.,$300.,"$1,34,400.","$9,408.00","$1,24,992.","$1,12,000","$12,992.00",01-Jun-14,6,June,2014
Enterprise,Germany,Paseo,Medium,3513,$10.,$125.,"$4,39,125.","$30,738.75","$4,08,386.25","$4,21,560","($13,173.75)",01-Jul-14,7,July,2014
Midmarket,France,Paseo,Medium,2101,$10.,$15.,"$31,515.","$2,206.05","$29,308.95","$21,010","$8,298.95",01-Aug-14,8,August,2014
Midmarket,United States of America,Paseo,Medium,2931,$10.,$15.,"$43,965.","$3,077.55","$40,887.45","$29,310","$11,577.45",01-Sep-13,9,September,2013
Small Business,Germany,Paseo,Medium,1123,$10.,$300.,"$3,36,900.","$23,583.00","$3,13,317.","$2,80,750","$32,567.00",01-Sep-13,9,September,2013
Small Business,Canada,Paseo,Medium,1404,$10.,$300.,"$4,21,200.","$29,484.00","$3,91,716.","$3,51,000","$40,716.00",01-Nov-13,11,November,2013
Channel Partners,Mexico,Paseo,Medium,2763,$10.,$12.,"$33,156.","$2,320.92","$30,835.08","$8,289","$22,546.08",01-Nov-13,11,November,2013
Enterprise,Mexico,Paseo,Medium,1114,$10.,$125.,"$1,39,250.","$11,140.00","$1,28,110.","$1,33,680","($5,570.00)",01-Mar-14,3,March,2014
Small Business,Mexico,Paseo,Medium,2460,$10.,$300.,"$7,38,000.","$59,040.00","$6,78,960.","$6,15,000","$63,960.00",01-Jun-14,6,June,2014
Small Business,Mexico,Paseo,Medium,2565,$10.,$300.,"$7,69,500.","$69,255.00","$7,00,245.","$6,41,250","$58,995.00",01-Jan-14,1,January,2014
Midmarket,United States of America,Paseo,Medium,3675,$10.,$15.,"$55,125.","$4,961.25","$50,163.75","$36,750","$13,413.75",01-Apr-14,4,April,2014
Small Business,Canada,Paseo,Medium,1094,$10.,$300.,"$3,28,200.","$29,538.00","$2,98,662.","$2,73,500","$25,162.00",01-Jun-14,6,June,2014
Midmarket,France,Paseo,Medium,1227,$10.,$15.,"$18,405.","$1,656.45","$16,748.55","$12,270","$4,478.55",01-Oct-14,10,October,2014
Channel Partners,Mexico,Paseo,Medium,367,$10.,$12.,"$4,404.",$396.36,"$4,007.64","$1,101","$2,906.64",01-Oct-13,10,October,2013
Small Business,France,Paseo,Medium,1324,$10.,$300.,"$3,97,200.","$35,748.00","$3,61,452.","$3,31,000","$30,452.00",01-Nov-14,11,November,2014
Channel Partners,Germany,Paseo,Medium,1775,$10.,$12.,"$21,300.","$1,917.00","$19,383.","$5,325","$14,058.00",01-Nov-13,11,November,2013
Enterprise,United States of America,Paseo,Medium,2797,$10.,$125.,"$3,49,625.","$31,466.25","$3,18,158.75","$3,35,640","($17,481.25)",01-Dec-14,12,December,2014
Channel Partners,United States of America,Paseo,High,386,$10.,$12.,"$4,632.",$463.20,"$4,168.8","$1,158","$3,010.80",01-Oct-13,10,October,2013
Small Business,Mexico,Paseo,High,591,$10.,$300.,"$1,77,300.","$17,730.00","$1,59,570.","$1,47,750","$11,820.00",01-May-14,5,May,2014
Midmarket,France,Paseo,High,2167,$10.,$15.,"$32,505.","$3,250.50","$29,254.5","$21,670","$7,584.50",01-Oct-13,10,October,2013
Channel Partners,France,Paseo,High,1198,$10.,$12.,"$14,376.","$1,581.36","$12,794.64","$3,594","$9,200.64",01-Oct-13,10,October,2013
Small Business,Canada,Paseo,High,873,$10.,$300.,"$2,61,900.","$28,809.00","$2,33,091.","$2,18,250","$14,841.00",01-Jan-14,1,January,2014
Channel Partners,Canada,Paseo,High,4026,$10.,$12.,"$48,312.","$5,314.32","$42,997.68","$12,078","$30,919.68",01-Jul-14,7,July,2014
Channel Partners,France,Paseo,High,2425.5,$10.,$12.,"$29,106.","$3,201.66","$25,904.34","$7,277","$18,627.84",01-Jul-14,7,July,2014
Midmarket,Mexico,Paseo,High,1984,$10.,$15.,"$29,760.","$3,273.60","$26,486.4","$19,840","$6,646.40",01-Aug-14,8,August,2014
Enterprise,France,Paseo,High,2441,$10.,$125.,"$3,05,125.","$33,563.75","$2,71,561.25","$2,92,920","($21,358.75)",01-Oct-14,10,October,2014
Small Business,Canada,Paseo,High,1366,$10.,$300.,"$4,09,800.","$45,078.00","$3,64,722.","$3,41,500","$23,222.00",01-Nov-14,11,November,2014
Small Business,United States of America,Paseo,High,3495,$10.,$300.,"$10,48,500.","$1,25,820.00","$9,22,680.","$8,73,750","$48,930.00",01-Jan-14,1,January,2014
Enterprise,Mexico,Paseo,High,2156,$10.,$125.,"$2,69,500.","$32,340.00","$2,37,160.","$2,58,720","($21,560.00)",01-Oct-14,10,October,2014
Small Business,Germany,Paseo,High,1359,$10.,$300.,"$4,07,700.","$48,924.00","$3,58,776.","$3,39,750","$19,026.00",01-Nov-14,11,November,2014
Small Business,Mexico,Paseo,High,2150,$10.,$300.,"$6,45,000.","$77,400.00","$5,67,600.","$5,37,500","$30,100.00",01-Nov-14,11,November,2014
Midmarket,Mexico,Paseo,High,380,$10.,$15.,"$5,700.",$684.00,"$5,016.","$3,800","$1,216.00",01-Dec-13,12,December,2013
Small Business,Germany,Paseo,High,807,$10.,$300.,"$2,42,100.","$31,473.00","$2,10,627.","$2,01,750","$8,877.00",01-Jan-14,1,January,2014
Enterprise,Canada,Paseo,High,1583,$10.,$125.,"$1,97,875.","$25,723.75","$1,72,151.25","$1,89,960","($17,808.75)",01-Jun-14,6,June,2014
Channel Partners,Mexico,Paseo,High,571,$10.,$12.,"$6,852.",$890.76,"$5,961.24","$1,713","$4,248.24",01-Jul-14,7,July,2014
Midmarket,Canada,Paseo,High,1565,$10.,$15.,"$23,475.","$3,051.75","$20,423.25","$15,650","$4,773.25",01-Oct-14,10,October,2014
Channel Partners,Germany,Paseo,High,1013,$10.,$12.,"$12,156.","$1,580.28","$10,575.72","$3,039","$7,536.72",01-Dec-14,12,December,2014
Midmarket,Germany,Paseo,High,278,$10.,$15.,"$4,170.",$583.80,"$3,586.2","$2,780",$806.20,01-Feb-14,2,February,2014
Midmarket,United States of America,Paseo,High,1767,$10.,$15.,"$26,505.","$3,710.70","$22,794.3","$17,670","$5,124.30",01-Sep-14,9,September,2014
Channel Partners,France,Paseo,High,1393,$10.,$12.,"$16,716.","$2,340.24","$14,375.76","$4,179","$10,196.76",01-Oct-14,10,October,2014
Midmarket,Canada,Paseo,High,2470,$10.,$15.,"$37,050.","$5,187.00","$31,863.","$24,700","$7,163.00",01-Sep-13,9,September,2013
Midmarket,Canada,Paseo,High,1743,$10.,$15.,"$26,145.","$3,660.30","$22,484.7","$17,430","$5,054.70",01-Oct-13,10,October,2013
Channel Partners,United States of America,Paseo,High,2914,$10.,$12.,"$34,968.","$4,895.52","$30,072.48","$8,742","$21,330.48",01-Oct-14,10,October,2014
Channel Partners,Canada,Paseo,High,2222,$10.,$12.,"$26,664.","$3,732.96","$22,931.04","$6,666","$16,265.04",01-Nov-13,11,November,2013
Midmarket,Canada,Paseo,High,1614,$10.,$15.,"$24,210.","$3,631.50","$20,578.5","$16,140","$4,438.50",01-Apr-14,4,April,2014
Midmarket,Canada,Paseo,High,2559,$10.,$15.,"$38,385.","$5,757.75","$32,627.25","$25,590","$7,037.25",01-Aug-14,8,August,2014
Enterprise,Germany,Paseo,High,1085,$10.,$125.,"$1,35,625.","$20,343.75","$1,15,281.25","$1,30,200","($14,918.75)",01-Oct-14,10,October,2014
Midmarket,Germany,Paseo,High,1175,$10.,$15.,"$17,625.","$2,643.75","$14,981.25","$11,750","$3,231.25",01-Oct-14,10,October,2014
Channel Partners,United States of America,Paseo,High,914,$10.,$12.,"$10,968.","$1,645.20","$9,322.8","$2,742","$6,580.80",01-Dec-14,12,December,2014
